Date,AAPL.Open,AAPL.High,AAPL.Low,AAPL.Close,AAPL.Volume
2015-01-02,24.80592739,24.81706279,23.90624188,24.34717751,212818400
2015-01-05,24.11556479,24.19573487,23.47420585,23.66126823,257142000
2015-01-06,23.72585015,23.92404793,23.30050323,23.66349602,263188400
2015-01-07,23.87282919,24.0955235,23.76148203,23.99531174,160423600
2015-01-08,24.32490085,24.97516784,24.20687143,24.91726685,237458000
2015-01-09,25.09096807,25.22013118,24.54314026,24.94399071,214798000
2015-01-12,25.075375,25.08205555,24.22913777,24.32934952,198603200
2015-01-13,24.81482812,25.11991995,24.25363918,24.54536819,268367600
2015-01-14,24.28258938,24.60549547,24.16233424,24.45183754,195826400
2015-01-15,24.49637407,24.50973519,23.75257589,23.7882061,240056000
2015-01-16,23.83496911,23.95745165,23.42743816,23.60336685,314053200
2015-01-20,24.0153583,24.267004,23.71694868,24.21133041,199599600
2015-01-21,24.26254219,24.73242728,24.11111001,24.39616013,194303600
2015-01-22,24.55428173,25.04643609,24.43402657,25.03084755,215185600
2015-01-23,25.00857715,25.33148329,24.83710154,25.16000938,185859200
2015-01-26,25.32925175,25.46732285,25.11992025,25.18672752,222460000
2015-01-27,25.0352963,25.04865911,24.28036265,24.30485916,382274800
2015-01-28,26.19553338,26.30465482,25.6788826,25.6788826,585908400
2015-01-29,25.90381111,26.54294461,25.7345629,26.47836304,337745600
2015-01-30,26.36700848,26.72331907,26.0218316,26.090868,334982000
2015-02-02,26.28907432,26.53849096,25.85036608,26.41823578,250956400
2015-02-03,26.38927161,26.52066041,26.19107384,26.42267609,207662800
2015-02-04,26.38927456,26.83689058,26.3469621,26.62532997,280598800
2015-02-05,26.83325512,26.88020699,26.6611045,26.81537056,168984800
2015-02-06,26.83326121,26.88468381,26.48225127,26.58956718,174826400
2015-02-09,26.5046074,26.79301536,26.47777799,26.76618767,155559200
2015-02-10,26.86678927,27.30946493,26.86455477,27.28039932,248034000
2015-02-11,27.44807932,27.92876201,27.38771531,27.91981888,294247200
2015-02-12,28.18363405,28.50110925,28.07408367,28.27306366,297898000
2015-02-13,28.45639609,28.45639609,28.09197239,28.41168213,217088800
2015-02-17,28.5033509,28.81411926,28.37591422,28.57936668,252609600
2015-02-18,28.53464752,28.79175705,28.49440428,28.7783432,179566800
2015-02-19,28.72468254,28.84764848,28.69114793,28.71797562,149449600
2015-02-20,28.75598277,28.95272827,28.62854783,28.95272827,195793600
2015-02-23,29.0689955,29.73524284,28.98850899,29.73524284,283896400
2015-02-24,29.72182158,29.86938071,29.32609607,29.54966927,276912400
2015-02-25,29.41328591,29.42223075,28.65090058,28.79398727,298846800
2015-02-26,28.7939951,29.25902784,28.30660709,29.15842056,365150000
2015-02-27,29.06451993,29.19195831,28.67103227,28.72021866,248059200
2015-03-02,28.89684317,29.12712335,28.68444926,28.86107063,192386800
2015-03-03,28.83200837,28.95720885,28.63749732,28.92143631,151265200
2015-03-04,28.86330392,28.96614569,28.68891708,28.73810005,126665200
2015-03-05,28.74704775,28.78505479,28.11657128,28.26189423,226068400
2015-03-06,28.70680168,28.92366798,28.2283568,28.30437088,291368400
2015-03-09,28.60842839,28.96838311,27.96006572,28.42509842,354114000
2015-03-10,28.26189042,28.44298418,27.67836421,27.83710098,275426400
2015-03-11,27.89075521,27.89522592,27.30052213,27.32958603,275756000
2015-03-12,27.34523817,27.92429366,27.19320832,27.82368469,193450800
2015-03-13,27.81250797,28.03608118,27.40560479,27.63141251,207309200
2015-03-16,27.69625489,27.93547821,27.47044713,27.93547821,143497200
2015-03-17,28.14786905,28.46534262,28.09197574,28.40274239,204092400
2015-03-18,28.39379925,28.87671823,28.25294874,28.72245216,261083600
2015-03-19,28.78505509,28.89684171,28.48323155,28.50558853,183238000
2015-03-20,28.67326779,28.70680241,27.9824273,28.14787102,274780400
2015-03-23,28.42063126,28.58383877,28.28648595,28.44075203,150838800
2015-03-24,28.44522316,28.62631523,28.2954278,28.32449341,131369200
2015-03-25,28.29095727,28.3535575,27.58446503,27.58446503,206620800
2015-03-26,27.44584979,27.91982394,27.41007726,27.77673721,190291600
2015-03-27,27.85051552,27.87957942,27.47938487,27.55539894,158184800
2015-03-30,27.73425334,28.25964996,27.72307399,28.25294304,188398800
2015-03-31,28.19034643,28.27977606,27.80356572,27.81921577,168362400
2015-04-01,27.90641313,27.97348578,27.52186686,27.77897644,162485600
2015-04-02,27.95335967,28.0718532,27.76555898,28.01819611,128880400
2015-04-06,27.82815944,28.50782225,27.79685933,28.47204971,148776000
2015-04-07,28.5368862,28.6442004,28.16575554,28.17246246,140049200
2015-04-08,28.13668286,28.25964878,27.93993908,28.08078957,149316800
2015-04-09,28.13669053,28.29989974,27.87063955,28.29542732,129936000
2015-04-10,28.15904722,28.44074996,28.00478285,28.41615677,160752000
2015-04-13,28.70008666,28.74480403,28.30659911,28.3602562,145460400
2015-04-14,28.3937957,28.45863214,28.15010174,28.23729515,102098400
2015-04-15,28.26189302,28.42286432,28.17246339,28.34461403,115881600
2015-04-16,28.23282225,28.4161522,28.19481522,28.20822906,113476000
2015-04-17,28.06961969,28.20152707,27.82592398,27.89076042,207828000
2015-04-20,28.07408741,28.64419807,27.98465779,28.52794075,188217200
2015-04-21,28.63973089,28.66208616,28.32001941,28.37367821,129740400
2015-04-22,28.39156719,28.8118843,28.24177352,28.75599098,150618000
2015-04-23,28.68445314,29.15842742,28.6486806,28.99074745,183083600
2015-04-24,29.17407476,29.20537488,28.89237028,29.12712288,178103600
2015-04-27,29.58098358,29.76431532,29.32163772,29.65699768,387816800
2015-04-28,30.06166172,30.07954458,28.96838863,29.18972397,475696000
2015-04-29,29.1002883,29.41999634,28.68444202,28.76045609,253544400
2015-04-30,28.76046038,28.76046038,27.8527536,27.98019028,332781600
2015-05-01,28.19258573,29.09358734,28.01372816,28.82976913,234050400
2015-05-04,28.95273739,29.19196242,28.67550532,28.7738781,203953200
2015-05-05,28.65090812,28.71798077,28.12104066,28.12551308,197085600
2015-05-06,28.29542818,28.33790764,27.57999451,27.94889069,288564000
2015-05-07,28.011744,28.30584941,27.84336372,28.12175369,175763600
2015-05-08,28.44055696,28.65159416,28.31258799,28.65159416,222201600
2015-05-11,28.59996955,28.63813536,28.20483643,28.35974693,168143200
2015-05-12,28.19809298,28.48546181,28.02297771,28.25871086,192640000
2015-05-13,28.32157101,28.5550586,28.2587093,28.29014015,138776800
2015-05-14,28.60445205,28.9501915,28.54832527,28.9501915,180814000
2015-05-15,28.97713523,29.07142781,28.78405897,28.90978241,152832000
2015-05-18,28.82222128,29.34756705,28.81773018,29.22857857,203531600
2015-05-19,29.34083248,29.38348937,29.10509934,29.20163918,178532800
2015-05-20,29.18592435,29.40594036,29.03774883,29.19939423,145819600
2015-05-21,29.20164582,29.55187642,29.14776287,29.49799347,158921600
2015-05-22,29.54514026,29.85271394,29.50023609,29.75617409,182384000
2015-05-26,29.7696483,29.83924496,28.98836098,29.10061455,282790400
2015-05-27,29.26225568,29.69330892,29.19715013,29.64391708,183332800
2015-05-28,29.60349984,29.62370465,29.43287571,29.58553886,122933200
2015-05-29,29.46206224,29.51145407,29.16346742,29.2487812,203538000
2015-06-01,29.24878309,29.4979861,29.19714742,29.3071537,128451200
2015-06-02,29.15448884,29.33409519,29.03325653,29.17694092,134670400
2015-06-03,29.33409968,29.3969614,29.16347208,29.21286392,123934000
2015-06-04,29.09163389,29.31614102,28.94121453,29.04224205,153800400
2015-06-05,29.07366778,29.11632468,28.81772984,28.88283539,142507200
2015-06-08,28.93896666,29.00856674,28.4742387,28.69201088,210699200
2015-06-09,28.44504599,28.75486685,28.20257965,28.60669136,224301600
2015-06-10,28.71894663,29.03774629,28.7032312,28.93447495,156349200
2015-06-11,29.00183172,29.22633886,28.8446774,28.86937332,141563600
2015-06-12,28.77956967,28.81100054,28.53710156,28.55057144,147544800
2015-06-15,28.31035001,28.56628802,28.22279237,28.4944458,175955600
2015-06-16,28.51913529,28.70323104,28.3709615,28.64710426,125976400
2015-06-17,28.67404262,28.70996286,28.45402494,28.57975006,131672400
2015-06-18,28.56403462,28.80650095,28.56178907,28.70996284,141628800
2015-06-19,28.67180475,28.69650067,28.37770096,28.4226017,218867600
2015-06-22,28.62240965,28.75037863,28.53036263,28.64935112,136157200
2015-06-23,28.62016374,28.64934904,28.48545812,28.51913452,121075600
2015-06-24,28.55954947,29.14102378,28.53934466,28.76160622,221123600
2015-06-25,28.92998649,29.00631808,28.62465668,28.62465668,127752400
2015-06-26,28.66281823,28.73466042,28.40239091,28.45627213,176267200
2015-06-29,28.16666025,28.39341289,27.94664425,27.95786858,196645600
2015-06-30,28.19135823,28.31483782,28.03195838,28.15992737,177482800
2015-07-01,28.48995452,28.49893501,28.28565222,28.4226017,120955200
2015-07-02,28.38444077,28.44281312,28.23626522,28.38668633,108844000
2015-07-06,28.04991822,28.33953259,28.02971169,28.2878952,112241600
2015-07-07,28.26319487,28.32156719,27.78723927,28.21829414,187787200
2015-07-08,27.94664694,27.98256719,27.51110258,27.51783752,243046400
2015-07-09,27.80520434,27.85235062,26.76573707,26.95656776,314380000
2015-07-10,27.37639596,27.80520363,27.21250503,27.67723465,245418000
2015-07-13,28.07012444,28.23401539,27.91072459,28.21156502,165762000
2015-07-14,28.29687649,28.37096425,28.07236938,28.20033836,127072400
2015-07-15,28.22504068,28.54608599,28.19360981,28.47199821,134596800
2015-07-16,28.67853259,28.86487558,28.59097497,28.85140228,144889600
2015-07-17,28.9793822,29.10061455,28.80651074,29.10061455,184658800
2015-07-20,29.40369845,29.8527127,29.34308056,29.65065765,235600800
2015-07-21,29.82577545,29.84148917,29.25777265,29.35430908,307025600
2015-07-22,27.38762464,28.17564516,27.38762464,28.11278343,461802400
2015-07-23,28.33279003,28.53260118,28.07685212,28.0993042,203998000
2015-07-24,28.1352314,28.22952398,27.81643171,27.95113564,168649200
2015-07-27,27.6345768,27.75132145,27.41680637,27.5627346,177822000
2015-07-28,27.69968605,27.81867626,27.51334645,27.69968605,134472400
2015-07-29,27.64805117,27.72662832,27.45048382,27.61212921,148046800
2015-07-30,27.46171059,27.51783737,27.32476111,27.47293663,134513200
2015-07-31,27.52456614,27.53354663,27.14515036,27.23270798,171540000
2015-08-03,27.2776151,27.51783765,26.384076,26.59062386,279904000
2015-08-04,26.36162493,26.42448664,25.42543067,25.73749542,496554400
2015-08-05,25.35807952,26.36611776,25.16724881,25.90812302,397250400
2015-08-06,26.15393708,26.27346415,25.73671932,25.96449661,211612000
2015-08-07,25.84045756,26.21708102,25.82241529,26.05244827,154681600
2015-08-10,26.2802329,27.0605434,26.2802329,26.99965286,219806400
2015-08-11,26.56890535,26.65234961,25.55856171,25.59464455,388331200
2015-08-12,25.3781394,26.02990167,24.72412142,25.9893074,404870000
2015-08-13,26.16972693,26.25091546,25.83144194,25.96901131,194143200
2015-08-14,25.7818257,26.23061662,25.71191402,26.15168381,171718000
2015-08-17,26.16972506,26.53281772,26.04794226,26.42231178,163538800
2015-08-18,26.25767764,26.48545665,26.16295827,26.2734642,138242800
2015-08-19,26.18325472,26.27797409,25.86301205,25.93743515,193146000
2015-08-20,25.72769936,25.78858989,25.17516622,25.40520096,274006400
2015-08-21,24.90454246,25.23606204,23.82654117,23.85134888,513102000
2015-08-24,21.39539873,24.53693876,20.74814616,23.25596619,648825200
2015-08-25,25.0578936,25.0578936,23.34166118,23.39578629,414406400
2015-08-26,24.15129172,24.78275771,23.69122566,24.73765373,387098400
2015-08-27,25.31048125,25.53825854,24.81207323,25.46609116,338464400
2015-08-28,25.29695469,25.55405118,25.1548756,25.54954147,212657600
2015-08-31,25.26537706,25.82918536,25.25861164,25.43000984,224917200
2015-09-01,24.84139486,25.23154926,24.21218457,24.29337311,307383600
2015-09-02,24.85943638,25.335289,24.61135935,25.335289,247555200
2015-09-03,25.36911864,25.43452061,24.81658717,24.89101028,212935600
2015-09-04,24.57527693,24.90905048,24.4715364,24.64293289,199985200
2015-09-08,25.20222923,25.38490255,24.87973084,25.32852173,219374400
2015-09-09,25.65553573,25.71417056,24.75569636,24.84139633,340043200
2015-09-10,24.86845504,25.54728069,24.78501251,25.38715935,251571200
2015-09-11,25.211253,25.75701904,25.20448758,25.75701904,199662000
2015-09-14,26.29151012,26.3614218,25.90360972,26.00509453,233453600
2015-09-15,26.14491553,26.28022917,25.80437488,26.22384834,173364800
2015-09-16,26.21708355,26.28248552,26.03441023,26.25316811,148694000
2015-09-17,26.08402787,26.27121092,25.64651208,25.69161606,256450400
2015-09-18,25.30597621,25.77732093,25.22929909,25.58562469,297141200
2015-09-21,25.63524156,26.01863233,25.63298756,25.98254776,200888000
2015-09-22,25.56983511,25.75025447,25.37588491,25.57434654,201384800
2015-09-23,25.62622006,25.87204143,25.55179866,25.78183174,143026800
2015-09-24,25.54051675,26.04794423,25.34205684,25.93518257,200878000
2015-09-25,26.25992988,26.31631069,25.71416226,25.86977386,224607600
2015-09-28,25.67582846,25.83820552,25.35784149,25.35784149,208436000
2015-09-29,25.4457993,25.59915525,24.32494801,24.59557533,293461600
2015-09-30,24.84590022,25.15486774,24.52114785,24.87521935,265892000
2015-10-01,24.59782558,24.72186408,24.2009041,24.71284294,255716400
2015-10-02,24.35877557,25.03534557,24.25503505,24.89326477,232079200
2015-10-05,24.78050339,25.11653439,24.59783004,24.98347473,208258800
2015-10-06,24.9496504,25.19998148,24.75570016,25.10300636,192787200
2015-10-07,25.19997693,25.20674235,24.67450886,24.98347473,187062400
2015-10-08,24.85042064,24.85042064,24.40388361,24.69480896,247918400
2015-10-09,24.80757061,25.32176362,24.69255321,25.28568077,211064400
2015-10-12,25.42324417,25.42775388,25.13231888,25.16840172,121868800
2015-10-13,24.99249621,25.36009863,24.96092308,25.21125412,132197200
2015-10-14,25.09849268,25.15036209,24.70833655,24.85492706,177849600
2015-10-15,25.01730447,25.28116636,24.91807365,25.22704124,150694000
2015-10-16,25.2089953,25.25861071,24.92709117,25.04210854,156930400
2015-10-19,24.98798851,25.20223501,24.83237684,25.1977253,119036800
2015-10-20,25.10976745,25.74799891,24.99249608,25.65778923,195871200
2015-10-21,25.70965795,26.0659852,25.64200027,25.65553284,167180800
2015-10-22,25.78408314,26.04794502,25.73221201,26.04794502,166616400
2015-10-23,26.31856958,26.889145,26.23512706,26.85531616,237467600
2015-10-26,26.62979322,26.64106835,25.91713872,25.99832726,265335200
2015-10-27,26.02539276,26.28248922,25.70740404,25.83369827,279537600
2015-10-28,26.37043728,26.90492808,26.17423141,26.89816093,342205600
2015-10-29,26.7696154,27.21840801,26.67264031,27.18232346,204909200
2015-10-30,27.28606627,27.33793739,26.93876015,26.950037,197461200
2015-11-02,27.2432164,27.36950891,26.97484312,27.32891464,128813200
2015-11-03,27.24096376,27.84987607,27.22066576,27.64239502,182076000
2015-11-04,27.76867848,27.92429008,27.42813959,27.51383781,179544400
2015-11-05,27.59764511,27.7878965,27.21940944,27.38701057,158210800
2015-11-06,27.43004346,27.58858484,27.3190645,27.41871834,132169200
2015-11-09,27.39607544,27.58859051,27.18997161,27.30774498,135485600
2015-11-10,26.47651952,26.74151078,26.28626818,26.44707489,236511600
2015-11-11,26.35649115,26.59430326,26.09376343,26.29760361,180872000
2015-11-12,26.33157266,26.45840576,26.19341443,26.20926857,130102400
2015-11-13,26.09149283,26.17529425,25.42788099,25.44373512,183249600
2015-11-16,25.22630659,25.87406431,25.14024152,25.86047554,152426800
2015-11-17,26.02807076,26.05751539,25.66568933,25.74949074,110467600
2015-11-18,26.21833196,26.61015644,26.15944442,26.56485939,186698800
2015-11-19,26.64412395,27.12201512,26.44481456,26.90232086,173183200
2015-11-20,26.9974513,27.16052343,26.9181806,27.02010155,137148400
2015-11-23,27.01329883,27.11748512,26.5761757,26.66903687,129930000
2015-11-24,26.57391801,27.0314244,26.5263556,26.92497444,171212800
2015-11-25,26.99971675,27.00424749,26.70754613,26.73246002,85553200
2015-11-27,26.79134778,26.81852704,26.63507003,26.68263245,52185600
2015-11-30,26.72339886,27.0450141,26.66904206,26.79361153,156721200
2015-12-01,26.8955255,26.90911426,26.46746211,26.57617569,139409600
2015-12-02,26.57617704,26.75057426,26.29080259,26.33609962,133546400
2015-12-03,26.39725469,26.45161148,25.86953568,26.09149361,166278000
2015-12-04,26.11188278,27.00877783,26.07111474,26.95895004,231108000
2015-12-07,26.94762661,27.14693605,26.68263351,26.78908348,128336800
2015-12-08,26.61695295,26.86156118,26.4674713,26.77776146,137238000
2015-12-09,26.64412901,26.65545413,26.06431852,26.18662262,185445600
2015-12-10,26.28174293,26.48558306,26.16170423,26.31118584,116850800
2015-12-11,26.08923207,26.13452912,25.55924765,25.63398933,187544800
2015-12-14,25.40750131,25.52074566,24.86619348,25.47544861,257274800
2015-12-15,25.35314413,25.54792454,24.99302622,25.0247345,213292400
2015-12-16,25.15609964,25.36446882,24.64197105,25.21725082,224954000
2015-12-17,25.37125946,25.42335262,24.68273544,24.68273544,179091200
2015-12-18,24.66688355,24.80504006,23.96476724,24.01459503,385813200
2015-12-21,24.29770922,24.3180941,23.91041372,24.30903435,190362400
2015-12-22,24.32488534,24.39736165,24.10972005,24.28638268,131157600
2015-12-23,24.29543658,24.65328906,24.27958244,24.59893227,130629600
2015-12-24,24.68727325,24.68727325,24.44945937,24.46757889,54281600
2015-12-28,24.36791319,24.39056343,24.04856509,24.19351768,106816800
2015-12-29,24.22522648,24.78465373,24.20257796,24.62837601,123724800
2015-12-30,24.59214082,24.61931835,24.27505633,24.3067646,100855200
2015-12-31,24.23656146,24.24109047,23.74055054,23.84020615,163649200
2016-01-04,23.24000199,23.86511119,23.10184376,23.86058044,270597600
2016-01-05,23.95117722,23.97382574,23.19470588,23.26265144,223164000
2016-01-06,22.77570672,23.18565251,22.61943067,22.80741501,273829600
2016-01-07,22.34990391,22.67831182,21.84030436,21.84483337,324377600
2016-01-08,22.32046419,22.44729732,21.91504917,21.96034622,283192000
2016-01-11,22.41558499,22.43596814,22.04640733,22.31592941,198957600
2016-01-12,22.77343596,22.80514423,22.38613882,22.63980675,196616800
2016-01-13,22.72133761,22.91838333,22.03734276,22.05772591,249758400
2016-01-14,22.1868317,22.75758416,21.68402654,22.5401535,252680400
2016-01-15,21.78820583,22.13020415,21.59795621,21.99884033,319335600
2016-01-19,22.28875406,22.34311087,21.62967111,21.89239883,212350800
2016-01-20,21.53907235,22.23892325,21.15857131,21.92183876,289337600
2016-01-21,21.9829879,22.16870853,21.50283307,21.81085777,208646000
2016-01-22,22.33857638,22.97953972,22.27969057,22.97047997,263202000
2016-01-25,22.99313075,22.99539613,22.46994244,22.5220356,207178000
2016-01-26,22.63301386,22.84817742,22.21174478,22.64660263,300308000
2016-01-27,21.75197611,21.88560362,21.14045555,21.15857506,533478800
2016-01-28,21.24237623,21.40771202,20.92529169,21.31032181,222715200
2016-01-29,21.46886259,22.0464077,21.36920702,22.0464077,257666000
2016-02-01,21.84935745,21.90371424,21.6070147,21.8402977,163774000
2016-02-02,21.61155123,21.75197485,21.35335425,21.39865303,149428800
2016-02-03,21.51642236,21.93316066,21.30805321,21.8221817,183857200
2016-02-04,21.82902315,22.16376852,21.67645268,21.9975338,185886800
2016-02-05,21.97930146,22.07038885,21.33486199,21.41000748,185672400
2016-02-08,21.20734763,21.79258202,21.18685387,21.63545799,216085600
2016-02-09,21.47149209,21.84722646,21.38951361,21.63089371,177324800
2016-02-10,21.84268018,21.94059886,21.42823406,21.46694565,169374400
2016-02-11,21.35764035,21.56941785,21.0843781,21.33714485,200298800
2016-02-12,21.44872756,21.51931948,21.18002064,21.40318298,161405600
2016-02-16,21.63772304,22.05444661,21.54435973,22.00662613,196231600
2016-02-17,22.01346866,22.36415411,21.89505623,22.34366035,179452800
2016-02-18,22.50760942,22.51899599,21.88138594,21.92009926,156084000
2016-02-19,21.86090337,22.03396934,21.81536051,21.87001228,141496800
2016-02-22,21.93148413,22.06583844,21.8426744,22.06128311,137123200
2016-02-23,21.95198282,21.97475424,21.5307055,21.56258583,127770400
2016-02-24,21.40090106,21.94742192,21.25060661,21.88366127,145022800
2016-02-25,21.87228291,22.03396225,21.69010808,22.03396225,110330800
2016-02-26,22.13415564,22.32088405,21.99297181,22.06811905,115964400
2016-02-29,22.05673221,22.36870603,22.00891172,22.01802063,140865200
2016-03-01,22.23663538,22.94711354,22.18425954,22.89246178,201628400
2016-03-02,22.88790653,22.97443863,22.6897915,22.94255829,132678400
2016-03-03,22.90384246,23.16116278,22.87423805,23.11334229,147822800
2016-03-04,23.31145613,23.62570585,23.08373848,23.45719528,184220400
2016-03-07,23.31601183,23.41620816,22.9903755,23.19759941,143315600
2016-03-08,22.94938391,23.17254797,22.86285183,23.00631332,126247600
2016-03-09,23.07007678,23.13156152,22.83325019,23.0268116,108806800
2016-03-10,23.09285197,23.28185633,22.80592719,23.03819847,134054400
2016-03-11,23.28185024,23.29095915,23.11333968,23.28640556,109632800
2016-03-14,23.20670731,23.43442496,23.1771029,23.34561348,100304400
2016-03-15,23.67352127,23.95133701,23.64847219,23.8147068,160270800
2016-03-16,23.82154657,24.20866593,23.81699124,24.13124275,153214000
2016-03-17,24.02876689,24.24509971,23.90124556,24.0925293,137682800
2016-03-18,24.21550072,24.25193639,23.95362674,24.1198597,176820800
2016-03-21,24.12213019,24.51380481,23.94223304,24.1175766,142010800
2016-03-22,23.96728342,24.43182765,23.95817451,24.30202866,129777600
2016-03-23,24.24738142,24.38173403,24.11530474,24.16767883,102814000
2016-03-24,24.01737679,24.19499625,23.88530016,24.06291962,104532000
2016-03-28,24.13806973,24.18133664,23.9240146,23.953619,77645600
2016-03-29,23.8853069,24.5456885,23.88302923,24.52063942,124760400
2016-03-30,24.74152356,25.14458305,24.73013699,24.94874573,182404400
2016-03-31,24.98517765,25.02616689,24.79389395,24.81894302,103553600
2016-04-01,24.77112892,25.04894476,24.63905224,25.0466671,103496000
2016-04-04,25.1445841,25.54764533,25.1104261,25.3039875,149424800
2016-04-05,24.9373544,25.21517015,24.91685892,25.00566864,106314800
2016-04-06,25.1013204,25.27210866,24.86676973,25.26755333,105616400
2016-04-07,25.03755166,25.14457922,24.62082973,24.71647072,127207600
2016-04-08,24.80073053,24.99656611,24.63221822,24.74380112,94326800
2016-04-11,24.81439603,25.18785289,24.78251569,24.82578087,117630000
2016-04-12,24.89864858,25.16280191,24.74380224,25.1491394,108929200
2016-04-13,25.23111556,25.58179921,25.23111556,25.51348495,133029200
2016-04-14,25.4178419,25.59318371,25.35180358,25.52714539,101895600
2016-04-15,25.52943208,25.572699,24.98746457,25.01478958,187756000
2016-04-18,24.79617676,24.80983926,24.352128,24.47509575,243286000
2016-04-19,24.56618346,24.59351021,24.19045067,24.34529877,129539600
2016-04-20,24.2838103,24.6140002,24.15173365,24.39539146,122444000
2016-04-21,24.34985152,24.34985152,24.02876875,24.13124275,126210000
2016-04-22,23.91263419,24.24737946,23.82382443,24.06520462,134732400
2016-04-25,23.91035387,24.0583707,23.79877271,23.9285717,112126400
2016-04-26,23.66214594,23.97867339,23.66214594,23.76234055,224064800
2016-04-27,21.86090059,22.47801538,21.78803099,22.27534676,458408400
2016-04-28,22.22752201,22.28900502,21.4623905,21.59446716,328970800
2016-04-29,21.40317994,21.56941458,21.06615882,21.34625053,274126000
2016-05-02,21.39863168,21.42368076,21.04111497,21.32348442,192640400
2016-05-03,21.45100355,21.80168897,21.33259113,21.67416763,227325200
2016-05-04,21.67872024,21.83812364,21.3644705,21.44872665,164102000
2016-05-05,21.53578341,21.55182062,21.23336609,21.36166382,143562000
2016-05-06,21.39145267,21.40977967,21.04321342,21.24253464,174799600
2016-05-09,21.30667946,21.48308883,21.21274595,21.25856781,131745600
2016-05-10,21.38228598,21.43727047,21.1027787,21.40290451,134747200
2016-05-11,21.41665496,21.4372735,21.18296777,21.19442368,114876400
2016-05-12,21.24253651,21.2562822,20.49794805,20.69726753,305258800
2016-05-13,20.61936724,21.00197064,20.61936724,20.7385006,177571200
2016-05-16,21.16692852,21.62513674,20.99739197,21.50829315,245039200
2016-05-17,21.6617911,21.69615531,21.30897061,21.41893959,187667600
2016-05-18,21.57244514,21.81300342,21.51058604,21.66408539,168249600
2016-05-19,21.68241228,21.68241228,21.43727095,21.58160591,121768400
2016-05-20,21.68241156,21.86340401,21.65491844,21.81529236,128104000
2016-05-23,21.96420489,22.26662215,21.91838303,22.09250259,152074400
2016-05-24,22.27349803,22.47281745,22.18643736,22.42928886,140560800
2016-05-25,22.60569908,22.85084037,22.47740135,22.823349,152675200
2016-05-26,22.83709817,23.07765819,22.59882968,23.00434494,225324800
2016-05-27,22.78211672,23.01809371,22.73858638,22.99060059,145364800
2016-05-31,22.81876269,23.00204663,22.64006181,22.87833023,169228800
2016-06-01,22.68589398,22.80502913,22.52781329,22.55759621,116693200
2016-06-02,22.36056268,22.41554718,22.13833139,22.3880558,160766400
2016-06-03,22.40409503,22.51406405,22.32619871,22.43387794,114019600
2016-06-06,22.44991394,23.34342043,22.34910931,22.59654045,93170000
2016-06-07,22.73858029,22.88062545,22.67213989,22.68817711,89638000
2016-06-08,22.68588949,22.80960592,22.60799492,22.66756248,83392400
2016-06-09,22.56675114,22.90811572,22.55758677,22.83022118,106405600
2016-06-10,22.57362495,22.76149023,22.56217079,22.64235687,126851600
2016-06-13,22.61028104,22.70879586,22.24600466,22.30098915,152082000
2016-06-14,22.29641296,22.56217458,22.16582368,22.3284874,127727600
2016-06-15,22.41096551,22.54613786,22.22997304,22.25517464,117780800
2016-06-16,22.0970937,22.39492978,22.01003475,22.34910965,125307200
2016-06-17,22.13604059,22.14291343,21.83362322,21.84049606,244032800
2016-06-20,21.99399195,22.12458121,21.77176071,21.78779793,137647600
2016-06-21,21.75114784,22.07418377,21.69158027,21.97337914,142185600
2016-06-22,22.05127569,22.19790221,21.84508159,21.89090347,116876400
2016-06-23,21.98024337,22.06042944,21.82216101,22.01689911,128960800
2016-06-24,21.28606254,21.68699471,21.22649499,21.39832306,301245600
2016-06-27,21.30667828,21.31813418,20.96302218,21.08673859,181958400
2016-06-28,21.28377382,21.45789344,21.10965419,21.44185448,161779600
2016-06-29,21.52891702,21.66179784,21.4510207,21.62743187,146124000
2016-06-30,21.63659342,21.94130057,21.60451898,21.90235329,143345600
2016-07-01,21.87714617,22.10166892,21.84049043,21.96878815,104106000
2016-07-05,21.85424194,21.85653347,21.64117504,21.76259995,110820800
2016-07-06,21.67324751,21.91609904,21.62055455,21.88631439,123796400
2016-07-07,21.92526126,22.10854523,21.90693426,21.9802475,100558400
2016-07-08,22.10625756,22.19789956,22.00545293,22.1497879,115648400
2016-07-11,22.16582069,22.37201472,22.16123937,22.2185154,95179600
2016-07-12,22.26204656,22.38347146,22.2505924,22.31932259,96670000
2016-07-13,22.31703002,22.37659582,22.18643901,22.1933136,103568800
2016-07-14,22.31244788,22.67901409,22.29641067,22.63319397,155676000
2016-07-15,22.66297386,22.75003452,22.56675057,22.63089943,120548000
2016-07-18,22.6125769,22.94019587,22.58966683,22.87146568,145975600
2016-07-19,22.80960702,22.9104134,22.75920383,22.88063049,95119600
2016-07-20,22.91041331,23.015801,22.85084574,22.90124893,105104000
2016-07-21,22.87147105,23.13952252,22.71109707,22.77982903,130808000
2016-07-22,22.74087858,22.75004296,22.52322859,22.60341644,113254800
2016-07-25,22.50947469,22.64464525,22.20476586,22.30098915,161531600
2016-07-26,22.18185933,22.4453294,22.09021734,22.14749336,224959200
2016-07-27,23.8886829,23.90701164,23.54044544,23.58626556,369379200
2016-07-28,23.55878002,23.92992762,23.55648849,23.90472603,159479200
2016-07-29,23.87036337,23.95284101,23.75351976,23.87494469,110934800
2016-08-01,23.92076102,24.31940168,23.92076102,24.29649162,152671600
2016-08-02,24.29649148,24.30107279,23.82682735,23.9367981,135266400
2016-08-03,24.0124061,24.2483831,24.00324172,24.23692894,120810400
2016-08-04,24.31984405,24.4165886,24.2507398,24.38664436,109634800
2016-08-05,24.47878238,24.79665986,24.45805215,24.7575016,162213600
2016-08-08,24.76672001,24.96251488,24.68379734,24.96251488,112148800
2016-08-09,24.93025917,25.09380403,24.87958295,25.06385803,105260800
2016-08-10,25.04082607,25.08459222,24.82199883,24.87728119,96034000
2016-08-11,24.99706695,25.09150935,24.84273605,24.86116409,109938000
2016-08-12,24.82661041,24.97863911,24.82661041,24.91874886,74641600
2016-08-15,24.90953523,25.23201893,24.89571507,25.21819878,103472800
2016-08-16,25.25274431,25.39095284,25.15599974,25.195158,135177600
2016-08-17,25.13066597,25.19286017,24.95560309,25.15830803,101424000
2016-08-18,25.16059926,25.24582583,25.11222523,25.12604713,87938800
2016-08-19,25.05464907,25.26656801,24.96020844,25.19055367,101472400
2016-08-22,25.07537908,25.13066143,24.84272993,24.99475861,103280800
2016-08-23,25.0131879,25.1813407,24.99936775,25.07307816,85030800
2016-08-24,25.00858388,25.0500461,24.80357675,24.88419724,94700400
2016-08-25,24.73677799,24.84964667,24.57323306,24.7782402,100344800
2016-08-26,24.74138404,24.86576893,24.48800286,24.63312149,111065200
2016-08-29,24.55940994,24.74829297,24.48339559,24.60547829,99881200
2016-08-30,24.37052331,24.53176425,24.30141904,24.41659164,99455600
2016-08-31,24.33827979,24.54789306,24.33367191,24.43963051,118649600
2016-09-01,24.44884082,24.6008695,24.32906208,24.58474541,106806000
2016-09-02,24.80817263,24.87727688,24.60546952,24.81508446,107210000
2016-09-06,24.85424995,24.9463884,24.76441546,24.80817986,107521600
2016-09-07,24.83812241,25.05234351,24.66305957,24.96020508,169457200
2016-09-08,24.70452446,24.70913059,24.24153008,24.30602646,212008000
2016-09-09,24.10332062,24.35209384,23.75549889,23.75549889,186228000
2016-09-12,23.64493807,24.35209785,23.61729601,24.28760147,181171200
2016-09-13,24.76441012,25.05925166,24.70221594,24.8657608,248704800
2016-09-14,25.04543391,26.0359172,25.01548791,25.74568176,443554800
2016-09-15,26.22710449,26.65785064,26.14187613,26.62099457,359934400
2016-09-16,26.5173397,26.74998708,26.26856647,26.47126961,319547600
2016-09-19,26.53346503,26.76150629,26.08659476,26.1626091,188092000
2016-09-20,26.04052629,26.28699559,25.91613967,26.16030502,138057200
2016-09-21,26.22479937,26.25704756,25.90001357,26.15569687,144012800
2016-09-22,26.33997408,26.47587867,26.25935361,26.40216827,124296000
2016-09-23,26.35609788,26.44132624,25.69500827,25.96220779,209924800
2016-09-26,25.7157381,26.11884221,25.69500788,26.00136566,119477600
2016-09-27,26.02901342,26.07047564,25.87698471,26.04974365,98429600
2016-09-28,26.18794857,26.40677583,26.12805833,26.24783707,118564400
2016-09-29,26.06586512,26.21328591,25.75259549,25.84012604,143548000
2016-09-30,25.90462655,26.11424157,25.7525996,26.04053116,145516400
2016-10-03,25.96221175,26.04053004,25.86316322,25.91844559,86807200
2016-10-04,26.04283283,26.33076439,25.94378431,26.02901268,118947200
2016-10-05,26.12115164,26.1810419,25.95760673,26.04053116,85812400
2016-10-06,26.19025598,26.33767681,26.05895925,26.23402214,115117200
2016-10-07,26.3307625,26.38834881,26.14648737,26.27317619,97433600
2016-10-10,26.49430462,26.8928026,26.42520212,26.73156166,144944000
2016-10-11,27.11163408,27.33967713,26.76611622,26.78915215,256164000
2016-10-12,27.03100191,27.17612047,26.89279518,27.02869797,150347200
2016-10-13,26.90201937,27.05174412,26.65555004,26.94578552,140769600
2016-10-14,27.15309679,27.21989713,26.98033786,27.09551048,142608800
2016-10-17,27.02640735,27.14388216,26.89971677,27.07708359,94499600
2016-10-18,27.22219777,27.22910785,27.05404499,27.05865288,98214000
2016-10-19,27.0079754,27.12545195,26.21328514,26.97803116,80138400
2016-10-20,26.91813646,27.03791517,26.7960538,26.96420479,96503200
2016-10-21,26.90662577,26.9296617,26.78454308,26.85825348,92770800
2016-10-24,26.97341856,27.12083932,26.95038439,27.1001091,94154800
2016-10-25,27.16922084,27.26366324,27.02180003,27.23832512,192516000
2016-10-26,26.33075924,26.65093893,26.10041404,26.62560081,264536800
2016-10-27,26.57952819,26.6877907,26.28238272,26.36991501,138248000
2016-10-28,26.2294126,26.53807437,26.13266626,26.19486046,151446800
2016-10-31,26.17873281,26.31233345,26.07507642,26.1533947,105677600
2016-11-01,26.13496702,26.20637347,25.46005549,25.68118668,175303200
2016-11-02,25.66045543,25.87928266,25.62129716,25.70421982,113326800
2016-11-03,25.69495875,25.80609112,25.36387389,25.4287014,107730400
2016-11-04,25.12772033,25.52594856,25.03047905,25.19949341,123348000
2016-11-07,25.48658367,25.58614071,25.34303579,25.56298828,130240000
2016-11-08,25.53983791,25.86629305,25.39860578,25.71348381,97016800
2016-11-09,25.44028228,25.77368298,25.01658761,25.67181015,236705600
2016-11-10,25.72042739,25.72042739,24.5025922,24.95638657,228538000
2016-11-11,24.80126375,25.20643749,24.66929295,25.10456467,136575600
2016-11-14,24.93786148,24.9610139,24.09741612,24.47480583,204702000
2016-11-15,24.67392304,24.93091909,24.57899754,24.79894829,129058000
2016-11-16,24.70401914,25.52131388,24.68086671,25.46574593,235362000
2016-11-17,25.42407009,25.54909532,25.19717381,25.45648384,110528000
2016-11-18,25.40323976,25.59309255,25.38934865,25.48195839,113715600
2016-11-21,25.49584848,25.92880445,25.47038027,25.86860847,117058400
2016-11-22,25.91954298,26.02836136,25.79220372,25.88481522,103862000
2016-11-23,25.78294566,25.8176752,25.54447222,25.75284767,109705600
2016-11-25,25.72968856,25.90102044,25.68801348,25.88249779,45903600
2016-11-28,25.79915209,26.03994131,25.78989077,25.83156586,108776000
2016-11-29,25.64865421,25.93806402,25.48426965,25.80609322,114115200
2016-11-30,25.83850568,25.97742203,25.53057324,25.5884552,144649200
2016-12-01,25.55372308,25.68569385,25.24347492,25.34997749,148347600
2016-12-02,25.27589584,25.48890105,25.201807,25.44491196,106112000
2016-12-05,25.46807027,25.47501583,25.06289643,25.26201057,137298000
2016-12-06,25.35229703,25.5514111,25.28052396,25.45648384,104782000
2016-12-07,25.2967356,25.74358446,25.27358317,25.70653915,119994800
2016-12-08,25.66718055,26.03067925,25.60698281,25.95890617,108273200
2016-12-09,26.00289333,26.55624477,26.00289333,26.38259888,137610400
2016-12-12,26.22979139,26.62570382,26.0445684,26.23210716,105497600
2016-12-13,26.35713464,26.83871309,26.33629798,26.66969872,174935200
2016-12-14,26.63496918,26.90354062,26.62107807,26.66969872,136127200
2016-12-15,26.71368275,27.02624676,26.67895499,26.81555557,186098000
2016-12-16,26.96605041,26.97299597,26.77619764,26.85028648,177404400
2016-12-19,26.81092858,27.17674128,26.79935148,27.00541115,111117600
2016-12-20,27.02856784,27.20452955,27.01467673,27.07718849,85700000
2016-12-21,27.04244801,27.18136434,27.03781646,27.10264397,95132800
2016-12-22,26.93826092,26.97530621,26.77387638,26.92436981,104343600
2016-12-23,26.76230581,26.9776268,26.76230581,26.9776268,56998000
2016-12-27,26.97762442,27.27398155,26.97067886,27.1489563,73187600
2016-12-28,27.20915157,27.32491549,26.90353489,27.03319168,83623600
2016-12-29,26.96142345,27.11423271,26.94984812,27.02625275,60158000
2016-12-30,27.00772411,27.13506337,26.72525985,26.81555557,122345200
2017-01-03,26.81092765,26.93363714,26.57013846,26.89196205,115127600
2017-01-04,26.82250096,26.97531019,26.79934853,26.86186028,84472400
2017-01-05,26.8387079,27.05634464,26.81323969,26.99846268,88774400
2017-01-06,27.03781854,27.35732806,26.96604548,27.29944611,127007600
2017-01-09,27.30871222,27.65137425,27.30639821,27.54950142,134247600
2017-01-10,27.49856157,27.63979369,27.38974496,27.57728195,97848400
2017-01-11,27.49161832,27.76713705,27.45920456,27.72546196,110354400
2017-01-12,27.52866294,27.62127444,27.36890816,27.60969734,108344800
2017-01-13,27.57728209,27.69536179,27.50782303,27.56107521,104447600
2017-01-17,27.3990034,27.83890664,27.37122119,27.78334045,137759200
2017-01-18,27.78333498,27.89909888,27.71619171,27.78101921,94852000
2017-01-19,27.64442667,27.80417969,27.63748111,27.73240662,102389200
2017-01-20,27.88752727,27.88752727,27.72082872,27.78334045,130391600
2017-01-23,27.78334578,27.9708828,27.73009359,27.80186844,88200800
2017-01-24,27.67915453,27.80649378,27.66757743,27.7763958,92844000
2017-01-25,27.88058412,28.26955099,27.84817036,28.21861458,129510400
2017-01-26,28.169998,28.34827547,28.15379112,28.23251152,105350400
2017-01-27,28.27881027,28.3274309,28.15378502,28.23481941,82251600
2017-01-30,27.99866537,28.16073418,27.93615363,28.16073418,121510000
2017-01-31,28.04960234,28.10516854,27.92689285,28.09590721,196804000
2017-02-01,29.41097789,30.21206568,29.40634811,29.80920601,447940000
2017-02-02,29.63094052,29.95739393,29.58463388,29.7582798,134841600
2017-02-03,29.70733886,29.91108451,29.6726111,29.8856163,98029200
2017-02-06,29.89719233,30.21438435,29.84393838,30.16576195,107383600
2017-02-07,30.22364413,30.582513,30.20280747,30.45285797,152735200
2017-02-08,30.41118685,30.61261496,30.3810871,30.57093811,92016400
2017-02-09,30.61278924,30.79881527,30.48954776,30.7918396,113399600
2017-02-10,30.8011456,30.9127598,30.70580677,30.72208214,80262000
2017-02-13,30.94531097,31.11738566,30.8685751,30.99414063,92141600
2017-02-14,31.03599293,31.41269298,30.98483569,31.39641762,132904800
2017-02-15,31.51269784,31.68709662,31.30341718,31.51037025,142492400
2017-02-16,31.5475719,31.60105319,31.35457018,31.4731636,90338400
2017-02-17,31.41503178,31.58477891,31.41503178,31.55920029,88792800
2017-02-21,31.67777918,31.79869661,31.61964628,31.78706932,98028800
2017-02-22,31.72428481,31.88473218,31.64987654,31.88240814,83347600
2017-02-23,31.94521199,31.96846304,31.69407729,31.74755859,83152800
2017-02-24,31.60338746,31.77778625,31.45689134,31.77778625,87106400
2017-02-27,31.88939222,31.95915243,31.68941484,31.84055901,81029600
2017-02-28,31.87544398,31.95915553,31.78708081,31.85451698,93931600
2017-03-01,32.06379123,32.58931152,31.99635861,32.50559998,145658400
2017-03-02,32.55443438,32.61954296,32.26609382,32.312603,104844000
2017-03-03,32.27074137,32.5149003,32.22655979,32.50327301,84432400
2017-03-06,32.40793468,32.50094947,32.22888787,32.40095901,87000000
2017-03-07,32.33584016,32.54976878,32.27305564,32.44280624,69785200
2017-03-08,32.31027212,32.50792544,32.28004542,32.32189941,74828800
2017-03-09,32.26144099,32.27306474,31.86846195,32.24748611,88623600
2017-03-10,32.38003266,32.40561129,32.23818821,32.35445404,78451200
2017-03-13,32.28702044,32.42188567,32.28004478,32.36840439,69686800
2017-03-14,32.39166051,32.47304446,32.28469439,32.31957626,61236400
2017-03-15,32.41723331,32.72882482,32.32887016,32.66139221,102767200
2017-03-16,32.72186519,32.79162542,32.61489904,32.71488953,76928000
2017-03-17,32.78695678,32.78695678,32.52884656,32.55210114,175540000
2017-03-20,32.64744579,32.90323205,32.60791583,32.89393234,86168000
2017-03-21,33.04508668,33.20553415,32.49165998,32.51723862,158119600
2017-03-22,32.51955165,32.92648202,32.4986211,32.88462448,103440800
2017-03-23,32.8474124,32.92182422,32.69626828,32.76835251,81385200
2017-03-24,32.90321673,32.95902558,32.63580685,32.70323944,89582400
2017-03-27,32.41259402,32.83812746,32.23354361,32.75906754,94300400
2017-03-28,32.76602557,33.493847,32.69858942,33.43804169,133499200
2017-03-29,33.41014812,33.59850175,33.29620987,33.51246262,116760000
2017-03-30,33.5287413,33.60082554,33.36829388,33.46828079,84829200
2017-03-31,33.41945365,33.54734679,33.2543546,33.40550232,78646800
2017-04-03,33.41713395,33.51246926,33.26366217,33.41480637,79942800
2017-04-04,33.31016322,33.69151503,33.29156026,33.66361237,79565600
2017-04-05,33.53571384,33.82405436,33.44037502,33.48920822,110871600
2017-04-06,33.55199487,33.60547971,33.3566691,33.40550232,84596000
2017-04-07,33.42177623,33.52641477,33.31481365,33.33108902,66688800
2017-04-10,33.3915516,33.45666019,33.22877658,33.29156113,75733600
2017-04-11,33.23807999,33.33341884,32.5683876,32.93346405,121517600
2017-04-12,32.92649013,33.05437972,32.78929373,32.97299576,81400000
2017-04-13,32.99857282,33.107863,32.79859543,32.79859543,71291600
2017-04-17,32.89857391,32.99158869,32.75672947,32.9799614,66328400
2017-04-18,32.88229878,33.02879129,32.81253858,32.83346558,58790000
2017-04-19,32.99159963,33.0195023,32.65907745,32.71255875,69313600
2017-04-20,32.83812956,33.23343277,32.82417823,33.12181854,93278400
2017-04-21,33.12182062,33.17762596,32.98462775,33.08229065,69283600
2017-04-24,33.36828648,33.47292499,33.29387466,33.40084076,68537200
2017-04-25,33.46362724,33.69383128,33.45432399,33.60779572,75486000
2017-04-26,33.5938583,33.62408856,33.34039957,33.41015625,80164800
2017-04-27,33.46595642,33.52176529,33.32411196,33.43572617,56985200
2017-04-28,33.50548604,33.55431925,33.31481192,33.40317154,83441600
2017-05-01,33.74034586,34.22866023,33.70779157,34.08449173,134411600
2017-05-02,34.30771114,34.43560423,34.14493973,34.30073547,181408800
2017-05-03,33.85428413,34.29609642,33.54734418,34.19610596,182788000
2017-05-04,34.07054812,34.21471665,33.90544904,34.07287216,93487600
2017-05-05,34.12635161,34.64257227,34.12635161,34.63792419,109310800
2017-05-08,34.65419117,35.74011354,34.65419117,35.57966614,195009600
2017-05-09,35.77964613,36.01450538,35.68198325,35.80755234,156521600
2017-05-10,35.72383743,35.79592167,35.37038834,35.63779831,103222800
2017-05-11,35.59578472,35.97404344,35.56309605,35.94602203,109020400
2017-05-12,36.12113451,36.52274018,36.11413005,36.44802475,130108000
2017-05-15,36.42700367,36.57643808,36.20285385,36.35462189,104038800
2017-05-16,36.41065985,36.43867769,36.12579998,36.30091858,80194000
2017-05-17,35.86428621,36.09077319,34.95600466,35.08208847,203070800
2017-05-18,35.32026292,35.80358851,35.28757425,35.61679459,134272800
2017-05-19,35.81291629,35.95300901,35.63779772,35.73819733,107843200
2017-05-22,35.9576826,36.09310807,35.70317778,35.95534897,91865600
2017-05-23,36.16783017,36.16783017,35.79657956,35.91099167,79675600
2017-05-24,35.9203308,35.99738342,35.64714618,35.80358505,76712000
2017-05-25,35.89464136,36.03940848,35.73119804,35.92733002,76942400
2017-05-26,35.9576768,36.01371602,35.79656716,35.8666153,87710400
2017-05-30,35.82226906,36.05809421,35.80125567,35.88064194,80507600
2017-05-31,35.95068192,35.9973795,35.57943133,35.66815567,97804800
2017-06-01,35.76389028,35.80124977,35.54207408,35.76622391,65616400
2017-06-02,35.8596177,36.29624557,35.69850803,36.29624557,111082800
2017-06-05,36.03706994,36.06275414,35.83159988,35.94133759,101326800
2017-06-06,35.93433457,36.38030412,35.90631673,36.06275558,106499600
2017-06-07,36.19583372,36.41998344,36.06974638,36.27755356,84278400
2017-06-08,36.24954545,36.3172564,36.0510763,36.18883896,85003200
2017-06-09,36.23554033,36.23554033,34.09442407,34.78555679,259530800
2017-06-12,34.0290456,34.11076548,33.27486565,33.95432663,289229200
2017-06-13,34.36060037,34.42831132,33.89128031,34.22750854,136661600
2017-06-14,34.4399848,34.4399848,33.58540534,33.89361572,126124800
2017-06-15,33.46399964,33.73484704,33.20482396,33.69048309,128661600
2017-06-16,33.57138936,33.73950343,33.20247256,33.21881866,201444400
2017-06-19,33.5433882,34.26254241,33.5433882,34.16914368,130165600
2017-06-20,34.29288722,34.29288722,33.84225044,33.85859299,99600400
2017-06-21,33.97768639,34.10610743,33.76520825,34.05940628,85063200
2017-06-22,34.03605705,34.25320243,33.88428543,34.00336838,76425200
2017-06-23,33.88661474,34.36060209,33.88194391,34.15512848,141757600
2017-06-26,34.3629447,34.62212042,33.94499647,34.04773331,102769600
2017-06-27,33.85859935,34.1271167,33.53404632,33.55973053,99047600
2017-06-28,33.73717879,34.11543377,33.42663475,34.05005646,88329600
2017-06-29,33.7885494,33.88661538,33.22116332,33.54804993,125997600
2017-06-30,33.72784102,33.84692395,33.57140217,33.62744141,92096400
2017-07-03,33.82825431,33.92632032,33.41263966,33.50603485,57111200
2017-07-05,33.55038461,33.80722305,33.32389763,33.64377975,86278400
2017-07-06,33.39396271,33.50603766,33.25153273,33.32624817,96515200
2017-07-07,33.36592616,33.79788676,33.36592616,33.66479492,76806800
2017-07-10,33.64845361,34.07807703,33.47566865,33.87026978,84362400
2017-07-11,33.79322849,34.05474143,33.71150859,33.98002243,79127200
2017-07-12,34.05940039,34.13178218,33.81423719,34.02904892,99538000
2017-07-13,33.97300985,34.67115065,33.95900093,34.5030365,100797600
2017-07-14,34.54972657,34.86727506,34.4002922,34.79956055,80528400
2017-07-17,34.74820096,35.23386006,34.68982809,34.92098236,95174000
2017-07-18,34.83692293,35.05407183,34.71317275,35.04239655,71475200
2017-07-19,35.13579159,35.35527412,35.01204141,35.26187897,83692000
2017-07-20,35.37395457,35.4299938,35.06808135,35.10310364,68974800
2017-07-21,35.02138796,35.12645841,34.76221228,35.08676529,105010400
2017-07-24,35.15914412,35.59343837,35.00036807,35.51171494,85972800
2017-07-25,35.44401531,35.92033647,35.44401531,35.66349792,75415600
2017-07-26,35.80592361,35.94134555,35.73820908,35.83160782,63124000
2017-07-27,35.89930676,35.95534598,34.39328777,35.15446854,129905200
2017-07-28,34.9980325,35.07741873,34.8345892,34.90697098,68854800
2017-07-31,35.00035735,35.10076049,34.58708016,34.72717285,79383600
2017-08-01,34.81358797,35.07509734,34.65247825,35.03540421,141474400
2017-08-02,37.19052477,37.30026606,36.46203245,36.69085312,279747200
2017-08-03,36.66983471,36.7071942,36.19584732,36.32426834,108389200
2017-08-04,36.4410202,36.75156076,36.35229229,36.51573563,82239600
2017-08-07,36.67216241,37.1064566,36.5811009,37.0807724,87481200
2017-08-08,37.03174914,37.7859256,36.95469652,37.37731552,144823600
2017-08-09,37.18584718,37.65516728,37.15082489,37.60613251,104526000
2017-08-10,37.48190498,37.50534726,36.24657518,36.40831757,163217200
2017-08-11,36.70834257,37.17012722,36.58410645,36.91461945,105028400
2017-08-14,37.34594436,37.55456767,37.21232987,37.47018051,88490800
2017-08-15,37.66004954,38.02103686,37.53815619,37.88039398,117862000
2017-08-16,37.96008525,38.09369613,37.54049234,37.72801971,110686400
2017-08-17,37.62723117,37.67176933,36.9990149,37.00370407,111762400
2017-08-18,37.00370631,37.3881359,36.73648091,36.91931915,109712400
2017-08-21,36.91932192,37.01074105,36.35908601,36.85134506,105474000
2017-08-22,37.09043977,37.50534363,37.04121601,37.4537735,86418400
2017-08-23,37.2873434,37.61551371,37.24280524,37.50065231,77596400
2017-08-24,37.60613571,37.67880532,37.16545038,37.3342247,79275600
2017-08-25,37.42330683,37.63661938,37.33423406,37.47253418,101920400
2017-08-28,37.53815103,37.97415068,37.48892371,37.84991455,103864000
2017-08-29,37.52877502,38.2366856,37.50533276,38.18746185,118067600
2017-08-30,38.39608667,38.41718257,38.11714018,38.29060364,109078400
2017-08-31,38.35859074,38.56487128,38.32108453,38.44297791,107140400
2017-09-01,38.63049528,38.66331231,38.35623795,38.45468903,66364400
2017-09-05,38.38437002,38.5015742,37.63660676,37.99290848,117874000
2017-09-06,38.14058756,38.20622162,37.62723266,37.95306015,86606800
2017-09-07,37.99525289,38.0304163,37.5897274,37.80069351,87714000
2017-09-08,37.70692994,37.77490679,37.16075802,37.18420029,114446000
2017-09-11,37.62255187,37.98588564,37.47956259,37.8569603,126323200
2017-09-12,38.11715059,38.43360336,37.21702318,37.70693588,286856000
2017-09-13,37.47486419,37.49596367,37.0154258,37.42329407,179629600
2017-09-14,37.26858528,37.36468999,37.05761562,37.10215378,95042800
2017-09-15,37.14669434,37.73271526,37.03652212,37.477211,196458400
2017-09-18,37.53111775,37.62253686,37.03651603,37.19356918,113077600
2017-09-19,37.39047985,37.45142832,37.13966474,37.2076416,83242400
2017-09-20,37.01307822,37.09746537,36.05903807,36.58411407,211805600
2017-09-21,36.52083492,36.52083492,35.80588847,35.95590973,150046800
2017-09-22,35.52223422,35.69335487,35.29251508,35.60427856,186581600
2017-09-25,35.15890449,35.59021493,34.96434516,35.29017258,177549200
2017-09-26,35.57850139,36.08013514,35.55740549,35.89729691,146640000
2017-09-27,36.05200383,36.26765907,35.99105537,36.1527977,102016800
2017-09-28,36.07309634,36.16451544,35.79414986,35.93010712,88022000
2017-09-29,35.91370528,36.12936053,35.6300696,36.12701416,105199200
2017-10-02,36.15983869,36.20437686,35.79885132,36.05435562,74795200
2017-10-03,36.10122687,36.35438831,36.07778819,36.21139908,64921200
2017-10-04,36.01215696,36.06606988,35.73789961,35.97699356,80655200
2017-10-05,36.14108124,36.43643808,36.11061059,36.42471695,85135200
2017-10-06,36.32625887,36.4481522,36.23015059,36.40361404,69630400
2017-10-09,36.52317281,36.73882811,36.44816398,36.53020477,65051600
2017-10-10,36.58177958,37.03653252,36.35674949,36.54427338,62468000
2017-10-11,36.5606713,36.79742245,36.50910117,36.69662857,67622400
2017-10-12,36.64975525,36.88884924,36.50441961,36.56771088,64500400
2017-10-13,36.73881427,36.86773956,36.66380547,36.79976273,65576800
2017-10-16,37.01307985,37.50533886,36.95447776,37.477211,96486000
2017-10-17,37.4537591,37.7092633,37.32483381,37.6155014,75989200
2017-10-18,37.60378415,37.67176457,37.41157118,37.44907379,65496800
2017-10-19,36.74351809,36.82087329,36.33799254,36.56302261,170336800
2017-10-20,36.7106956,36.977921,36.55833159,36.62630844,95896400
2017-10-23,36.77632971,36.96385712,36.45050221,36.60755539,87937200
2017-10-24,36.63569151,36.90057417,36.61459561,36.82556534,71028800
2017-10-25,36.78102256,36.93104379,36.39659293,36.66381836,84828400
2017-10-26,36.85602851,36.99667497,36.75054545,36.89822388,68002000
2017-10-27,37.33890207,38.34920499,37.20060201,38.22027969,177816800
2017-10-30,38.41719024,39.39701916,38.37734125,39.08056641,178803200
2017-10-31,39.35716804,39.76738273,39.13213798,39.62439346,144187200
2017-11-01,39.81894295,39.83535325,38.82036472,39.1204071,134551200
2017-11-02,39.05244713,39.49782174,38.74302628,39.40640259,165573600
2017-11-03,40.78705643,40.84800132,40.11195918,40.43544388,237594400
2017-11-06,40.40497603,41.01912849,40.25261199,40.84566498,140105200
2017-11-07,40.7659588,41.08006515,40.69329278,40.9769249,97446000
2017-11-08,40.9417719,41.3121376,40.8644167,41.3121376,97638000
2017-11-09,41.04725721,41.27932282,40.58547235,41.22775269,117930400
2017-11-10,41.19481965,41.25833845,40.99720959,41.09130859,100582000
2017-11-13,40.81605222,41.05130324,40.79252568,40.92662048,67928400
2017-11-14,40.70784466,40.81135571,40.27027751,40.30791855,99130000
2017-11-15,39.98561839,40.06795769,39.61157011,39.77624512,116632400
2017-11-16,40.27027032,40.43259411,40.06325185,40.2514534,94550000
2017-11-17,40.23734268,40.31968199,39.9079926,40.02796936,87598000
2017-11-20,40.06089569,40.12441447,39.88916344,39.98796844,65049600
2017-11-21,40.1761726,40.86310521,40.1761726,40.7313652,100525200
2017-11-22,40.78311614,41.16892766,40.7101889,41.1595192,102355600
2017-11-24,41.19246046,41.28655945,41.08659462,41.16187668,56106800
2017-11-27,41.1806918,41.18774905,40.77841098,40.95484924,82867200
2017-11-28,41.00425876,41.13834999,40.43024562,40.71490097,105715200
2017-11-29,40.61139679,40.67961802,39.32457304,39.8703537,166665600
2017-11-30,40.09383872,40.49611964,39.62569139,40.42789841,166108800
2017-12-01,39.98091131,40.38554336,39.63979804,40.23968887,159037200
2017-12-04,40.57609246,40.60902746,39.90562925,39.94562149,130169600
2017-12-05,39.77154346,40.35026264,39.6162769,39.9079895,109400800
2017-12-06,39.40454551,40.03972254,39.15988603,39.75977325,114240000
2017-12-07,39.76448545,40.0961903,39.73625647,39.83271027,102693200
2017-12-08,40.10795461,40.22793136,39.71508577,39.84447098,93420800
2017-12-11,39.80448229,40.67255936,39.70802849,40.62080383,141095200
2017-12-12,40.49846326,40.5549248,40.33614306,40.39260101,77636800
2017-12-13,40.5808058,40.82546531,40.46318028,40.52669907,95273600
2017-12-14,40.55728946,40.72902535,40.38085113,40.51494598,81906000
2017-12-15,40.846636,40.97366997,40.57139273,40.92662048,160677200
2017-12-18,41.14070946,41.68649009,41.13600343,41.50299454,117684400
2017-12-19,41.1759852,41.26067571,40.95484867,41.06071091,109745600
2017-12-20,41.13835352,41.26774232,40.75724793,41.01602554,93902400
2017-12-21,40.97366991,41.40888574,40.95720421,41.17127991,83799600
2017-12-22,41.09364664,41.26773369,41.05130318,41.17127991,65397600
2017-12-26,40.18088057,40.33849835,39.91739695,40.12677383,132742000
2017-12-27,40.01619789,40.17616685,39.92445014,40.13382339,85992800
2017-12-28,40.22792936,40.42789419,40.10559781,40.24674988,65920800
2017-12-29,40.11501075,40.13147646,39.80918366,39.81153488,103999600
2018-01-02,40.03032034,40.53375745,39.81859223,40.5243454,102223600
2018-01-03,40.58787189,41.06308011,40.45378063,40.51729584,118071600
2018-01-04,40.5902158,40.80900115,40.48200233,40.70549011,89738400
2018-01-05,40.80193146,41.25596414,40.71018372,41.16892242,94640000
2018-01-08,41.01602554,41.3124406,40.91721693,41.01602554,82271200
2018-01-09,41.06306991,41.18304665,40.79488387,41.01131439,86336000
2018-01-10,40.73607987,41.00426597,40.69843883,41.00191116,95839600
2018-01-11,41.07247465,41.28420272,41.04895171,41.23479843,74670800
2018-01-12,41.44653087,41.72412899,41.32184809,41.6606102,101672400
2018-01-16,41.85116034,42.2016857,41.43711979,41.44888306,118263600
2018-01-17,41.43947134,42.16875104,41.18540336,42.13346481,137547200
2018-01-18,42.19698219,42.36871805,41.93350215,42.17110443,124773600
2018-01-19,42.01818875,42.24638255,41.73588821,41.98290253,129700400
2018-01-22,41.71000702,41.82292651,41.54533203,41.639431,108434400
2018-01-23,41.71001324,42.21345036,41.59709374,41.64884567,130756400
2018-01-24,41.69824971,41.71001298,40.74548222,40.9854393,204420400
2018-01-25,41.0536592,41.15717023,40.11736103,40.25380707,166116000
2018-01-26,40.46317851,40.46317851,40.00679092,40.34790421,156572000
2018-01-29,40.03032711,40.03032711,39.30340209,39.51277542,202561600
2018-01-30,38.9411032,39.37396424,38.74584441,39.27986526,184192800
2018-01-31,39.25634059,39.62568645,39.16929885,39.3880806,129915600
2018-02-01,39.32690995,39.66802319,39.23045618,39.47041321,188923200
2018-02-02,39.05166236,39.23986386,37.66368303,37.75778198,346375200
2018-02-05,37.428451,38.55295096,36.69917117,36.8144455,290954000
2018-02-06,36.42392352,38.51530538,36.2286647,38.35298157,272975200
2018-02-07,38.36708997,38.44001722,37.42138341,37.53194809,206434400
2018-02-08,37.70838917,37.87541899,36.47096994,36.49919891,217562000
2018-02-09,37.10153634,37.29522682,35.48822031,36.94563675,282690400
2018-02-12,37.4393114,38.71248405,37.20546203,38.43375778,243278000
2018-02-13,38.25424058,38.91562985,38.1833768,38.81878281,130196800
2018-02-14,38.51170209,39.57464779,38.4739112,39.53449249,162579600
2018-02-15,40.10612781,40.88562218,39.91952334,40.86200333,204588800
2018-02-16,40.71319204,41.29427075,40.57382888,40.72972488,160704400
2018-02-20,40.63996135,41.16198381,40.49114778,40.59272003,135722000
2018-02-21,40.8241987,41.12890819,40.39429452,40.40847015,149886400
2018-02-22,40.58090757,41.08875799,40.55964952,40.74625397,123967600
2018-02-23,41.02262987,41.49032511,40.99192139,41.45489502,135249600
2018-02-26,41.65568541,42.37376309,41.62261611,42.27455521,152648800
2018-02-27,42.30524208,42.63120966,42.08320395,42.13753128,155712400
2018-02-28,42.34304432,42.66429037,42.05723196,42.0737648,151128400
2018-03-01,42.17296298,42.46586489,40.7840496,41.33678055,195208000
2018-03-02,40.81712292,41.64385861,40.7344479,41.62260056,153816000
2018-03-05,41.38639073,41.98400225,41.22340512,41.7666893,113605600
2018-03-06,42.02415652,42.10446712,41.60370266,41.73125458,95154000
2018-03-07,41.32260639,41.5375585,41.16434602,41.34386444,126814000
2018-03-08,41.45016403,41.83754861,41.35332059,41.7950325,95096400
2018-03-09,42.03596533,42.51783251,41.9013238,42.5131073,128740800
2018-03-12,42.58632423,43.08236696,42.56743059,42.9241066,128828400
2018-03-13,43.12961939,43.34457153,42.33831738,42.51074982,126774000
2018-03-14,42.59342555,42.64066687,42.00053563,42.14934921,117473600
2018-03-15,42.16352163,42.57452869,42.06195297,42.19895172,90975200
2018-03-16,42.1989427,42.30996176,41.95564653,42.05013275,157618800
2018-03-19,41.88479176,41.92022185,41.02026162,41.40764618,133787200
2018-03-20,41.39346695,41.7619542,41.32260319,41.39346695,78597600
2018-03-21,41.34622099,41.35803222,40.45334696,40.45571136,148219600
2018-03-22,40.15572685,40.78876834,39.82503407,39.88408661,165963200
2018-03-23,39.77543471,40.13683602,38.96051025,38.96051025,164115200
2018-03-26,39.69984853,40.8879855,39.31482476,40.81003571,150164800
2018-03-27,41.02499563,41.372225,39.4282156,39.76363373,163690400
2018-03-28,39.50615501,40.16045826,39.01956259,39.32427216,166674000
2018-03-29,39.63843367,40.56910245,39.42348152,39.63134766,153594000
2018-04-02,39.36207036,39.90535458,38.84949462,39.37151718,150347200
2018-04-03,39.59827115,39.86046457,38.94633241,39.77542877,121112000
2018-04-04,38.94633995,40.63051627,38.92035668,40.53603363,138422000
2018-04-05,40.76514926,41.15489458,40.64704418,40.81711578,107732800
2018-04-06,40.38485479,40.74153087,39.73055158,39.77307129,140021200
2018-04-09,40.12739764,40.88563051,40.12031162,40.16755295,116070800
2018-04-10,40.86437883,41.10058911,40.51714942,40.9234314,113634400
2018-04-11,40.68248808,41.08168395,40.55729694,40.73209381,89726400
2018-04-12,40.96120027,41.33677352,40.87380007,41.13363266,91557200
2018-04-13,41.28480622,41.53518838,41.06513253,41.272995,100497200
2018-04-16,41.34386756,41.61787223,41.29662624,41.53047562,86313600
2018-04-17,41.68874392,42.26745825,41.66984667,42.10211182,106421600
2018-04-18,42.00052812,42.23910269,41.7808544,42.00761414,83018000
2018-04-19,41.04387552,41.42889922,40.78404651,40.81711578,139235200
2018-04-20,40.2974633,40.44391247,39.07625334,39.14475632,261964400
2018-04-23,39.4069531,39.42821116,38.75973577,39.0313797,146062000
2018-04-24,39.13295111,39.28885074,38.08181623,38.48809814,134768000
2018-04-25,38.41250743,39.07389681,38.36290529,38.65580368,113528400
2018-04-26,38.76680571,39.14710416,38.58964811,38.79042816,111852000
2018-04-27,38.73846801,38.8164178,37.94244089,38.34163666,142623200
2018-04-30,38.29676296,39.50851891,38.22825998,39.03609848,169709600
2018-05-01,39.30773975,39.96676461,39.03846026,39.94314575,214277600
2018-05-02,41.39111337,41.9863641,41.05333451,41.70763779,266157600
2018-05-03,41.54465119,41.92731056,41.20450793,41.7832222,136272800
2018-05-04,42.10445899,43.52171988,42.08556175,43.42251205,224805200
2018-05-07,43.74140069,44.32956535,43.63983204,43.73667908,169805600
2018-05-08,43.69652861,43.98706616,43.3847294,43.94691086,113611200
2018-05-09,44.06501795,44.26579448,43.75085792,44.25634766,92844800
2018-05-10,44.3460971,44.96732738,44.32483545,44.88937759,111957200
2018-05-11,44.93207723,45.06723437,44.44834818,44.71866608,104848800
2018-05-14,44.8182469,44.94155086,44.54555915,44.61432266,83115200
2018-05-15,44.28946733,44.35823446,43.89110572,44.20884705,94780800
2018-05-16,44.12111136,44.68783047,44.10451115,44.62143326,76732400
2018-05-17,44.5787587,44.79453973,44.18988031,44.33926773,69176000
2018-05-18,44.38669582,44.53370973,44.13534805,44.17802811,73190800
2018-05-21,44.57874618,44.87989085,44.32028517,44.49101257,73603200
2018-05-22,44.66885793,44.78741844,44.28946286,44.37957001,60962800
2018-05-23,44.18750395,44.6973127,44.0475998,44.66411591,80233600
2018-05-24,44.76134017,44.77793676,44.15431088,44.61432266,92936000
2018-05-25,44.63328809,44.9699995,44.49575746,44.71628189,69844000
2018-05-29,44.48391647,44.75660426,44.31081547,44.5550499,90056400
2018-05-30,44.51236437,44.57875798,44.28947,44.46019745,74762000
2018-05-31,44.3937848,44.63327565,44.13769373,44.31079102,109931200
2018-06-01,44.5763867,45.11464887,44.51947635,45.10990906,93770000
2018-06-04,45.44187346,45.8639486,45.37310995,45.48692703,105064800
2018-06-05,45.780961,45.98725515,45.61260347,45.83786774,86264000
2018-06-06,45.91374443,46.02044817,45.5082659,45.99673462,83734400
2018-06-07,46.03468037,46.04890705,45.60786175,45.87343979,85388800
2018-06-08,45.330419,45.52722985,44.99845106,45.45609283,106627200
2018-06-11,45.37311488,45.52012878,45.10279703,45.3446579,73234000
2018-06-12,45.38258658,45.67187448,45.32567624,45.59362411,67644400
2018-06-13,45.62683503,45.73591232,45.15733634,45.21898651,86553600
2018-06-14,45.42053563,45.42527907,45.10516422,45.24269485,86440400
2018-06-15,45.06011348,45.09094037,44.6404082,44.77793884,246876800
2018-06-18,44.55030244,44.86804377,44.38905825,44.75422668,73939600
2018-06-19,43.90058476,44.18275935,43.49984967,44.03100204,134314000
2018-06-20,44.18751297,44.38906371,44.04049544,44.22307968,82514800
2018-06-21,44.40092373,44.66175838,43.8531746,43.97647858,102847600
2018-06-22,44.13296753,44.14008088,43.79625609,43.848423,108801600
2018-06-25,43.48800035,43.84842537,42.85488757,43.19634247,126652400
2018-06-26,43.3907761,44.23018291,43.28406875,43.73222733,98276800
2018-06-27,43.92193437,44.40803328,43.63738981,43.66821671,101141200
2018-06-28,43.65399005,44.15431565,43.58285301,43.9859581,69460800
2018-06-29,44.17326798,44.38667905,43.37180149,43.89346695,90950800
2018-07-02,43.58758851,44.41276866,43.49273793,44.38431168,70925200
2018-07-03,44.52895869,44.56689893,43.52119427,43.61130142,55819200
2018-07-05,43.92904532,44.20173671,43.6966677,43.96224213,66416800
2018-07-06,43.96698067,44.68071366,43.91481375,44.57164001,69940800
2018-07-09,44.9344415,45.21424262,44.88701801,45.19053268,79026400
2018-07-10,45.22134239,45.35649947,45.09566495,45.1359787,63756400
2018-07-11,44.69732213,45.00083682,44.48628452,44.55030823,75326000
2018-07-12,44.94154822,45.38733692,44.88938131,45.29722977,72164400
2018-07-13,45.30908218,45.48929284,45.26639851,45.36836243,50055600
2018-07-16,45.41342374,45.68136806,45.15258914,45.26877975,60172400
2018-07-17,44.99371126,45.49640664,44.86329399,45.39681625,62138000
2018-07-18,45.47507058,45.47981402,45.03639523,45.14784241,65573600
2018-07-19,44.97949503,45.65766142,44.97949503,45.49879074,81147200
2018-07-20,45.47507142,45.62919865,45.09330642,45.39445114,82704800
2018-07-23,45.21423281,45.51775103,44.94865843,45.43475723,63957600
2018-07-24,45.63394123,45.92085927,45.53909427,45.76435852,74791600
2018-07-25,45.77857994,46.20302856,45.62919256,46.19591522,66839600
2018-07-26,46.14613177,46.46624666,45.9090107,46.05128479,76304000
2018-07-27,46.23623134,46.28365482,45.07670964,45.28537369,96096000
2018-07-30,45.50353059,45.57466763,44.83248116,45.03166199,84118000
2018-07-31,45.12413103,45.56043284,44.89649326,45.12175751,157492000
2018-08-01,47.21791623,47.84154214,46.78635418,47.77989197,271742800
2018-08-02,47.56173165,49.41127621,47.50719483,49.17652512,249616000
2018-08-03,49.0911717,49.4966503,48.72363335,49.31880951,133789600
2018-08-06,49.32117652,49.61757782,49.10065568,49.57489777,101701600
2018-08-07,49.63417317,49.67685321,49.02714032,49.11013412,102349600
2018-08-08,48.85879651,49.27612828,48.49600157,49.14334106,90102000
2018-08-09,49.68397725,49.74325752,49.13148473,49.52985001,93970400
2018-08-10,49.34186507,49.75590402,49.17767715,49.38231659,98444800
2018-08-13,49.80587545,50.19611771,49.42277149,49.70117569,103563600
2018-08-14,50.0081297,50.1033093,49.55601748,49.91056824,82992000
2018-08-15,49.78444795,50.14613696,49.57267026,50.02716064,115230400
2018-08-16,50.38646818,50.87665,50.31984173,50.76005554,114001600
2018-08-17,50.78860754,51.86177254,50.72198109,51.77373123,141708000
2018-08-20,51.89747047,52.15445612,51.18599079,51.26927567,121150800
2018-08-21,51.58814108,51.68094247,50.92901114,51.16934204,104639200
2018-08-22,50.9456681,51.48343983,50.88379808,51.17172241,76072400
2018-08-23,51.0765414,51.64763001,51.06464667,51.27642441,75532800
2018-08-24,51.54054417,51.61192705,51.18599342,51.43584442,73905600
2018-08-27,51.67141707,52.04976455,51.47629779,51.8594017,82100400
2018-08-28,52.11401033,52.4780776,52.09259546,52.27819824,91107200
2018-08-29,52.38527881,53.18004349,52.20919616,53.0586853,109019200
2018-08-30,53.12291911,54.31506035,52.92065794,53.54647446,195175200
2018-08-31,53.8986555,54.46022392,53.77730095,54.16516495,173360400
2018-09-04,54.35076936,54.5339903,53.92721391,54.338871,109560400
2018-09-05,54.48877988,54.65058594,53.56314419,53.98431778,133332000
2018-09-06,53.83203151,54.09854097,52.65892659,53.08724213,137160000
2018-09-07,52.78980262,53.62739342,52.51853671,52.65892792,150479200
2018-09-10,52.57564048,52.78980005,51.50961356,51.95220566,158066000
2018-09-11,51.87605137,53.37277544,51.53102078,53.26569748,142996000
2018-09-12,53.52507024,53.53934682,52.31151026,52.60419464,197114800
2018-09-13,53.18718716,54.33649911,52.96113283,53.8748703,166825600
2018-09-14,53.71780367,53.97717115,52.94921772,53.26331329,127997200
2018-09-17,52.86117847,53.05154131,51.69997203,51.84512329,148780400
2018-09-18,51.82370454,52.78979532,51.6642767,51.93078613,126286800
2018-09-19,51.99266215,52.259168,51.23121428,51.96172714,108495200
2018-09-20,52.40669544,52.89211727,52.14732428,52.35672379,106435200
2018-09-21,52.5351853,52.67319827,51.70472925,51.7927742,384986800
2018-09-24,51.59290215,52.649409,51.54769056,52.53757095,110773600
2018-09-25,52.29009578,53.02061217,52.27819742,52.87070084,98217600
2018-09-26,52.58754073,53.24191058,52.2924781,52.44952774,95938800
2018-09-27,53.25856273,53.88199749,53.19193265,53.52744675,120724800
2018-09-28,53.4893733,53.7392243,53.30615237,53.71543121,91717600
2018-10-01,54.24131348,54.59110422,53.86059137,54.07712555,94403200
2018-10-02,54.07473765,54.72910741,53.92720817,54.55778122,99152800
2018-10-03,54.7410067,55.55480431,54.67675847,55.22167206,114619200
2018-10-04,54.91471025,55.28829764,53.95100132,54.25082397,128168000
2018-10-05,54.24368116,54.35075911,52.48758965,53.37039185,134322000
2018-10-08,52.87546419,53.49176073,52.397177,53.24666977,118655600
2018-10-09,53.21573172,54.07950102,52.88497767,53.98431778,107564000
2018-10-10,53.6488072,53.86058492,51.40967184,51.48343658,167962400
2018-10-11,51.0455929,52.23059584,50.52209791,51.02893448,212497600
2018-10-12,52.44952492,53.03489006,51.59765396,52.8516655,161351600
2018-10-15,52.62561448,52.78504233,51.69997872,51.72139359,123164000
2018-10-16,52.09497153,53.06106234,51.57861472,52.86117935,116736000
2018-10-17,52.89687907,52.97778211,52.19253757,52.63275146,91541600
2018-10-18,51.84035881,52.28771091,50.68390891,51.40252686,130325200
2018-10-19,51.88795348,52.64940122,51.73804215,52.18539429,132314800
2018-10-22,52.29960635,53.14909898,52.0973488,52.50424576,115168400
2018-10-23,51.35732689,53.12293532,51.0884392,52.99919891,155071200
2018-10-24,52.968267,53.35612739,51.05036538,51.18124008,163702000
2018-10-25,51.8046817,52.67796764,51.57624552,52.30200195,119423200
2018-10-26,51.37397874,52.39479771,50.60539265,51.46916199,189033600
2018-10-29,52.15684493,52.27582126,49.03966359,50.50307465,183742000
2018-10-30,50.24369449,51.20264326,49.79634603,50.7552948,146640000
2018-10-31,51.60717808,52.45666725,51.54530806,52.07832336,153435600
2018-11-01,52.12353619,52.91115899,51.59052087,52.87784576,233292800
2018-11-02,49.86297846,50.83858215,48.88261108,49.37041473,365314800
2018-11-05,48.61373692,48.63515179,47.15508572,47.96888351,264654800
2018-11-06,48.04739603,48.71366414,47.99266794,48.48760986,127531600
2018-11-07,49.01110608,49.98433152,48.57327409,49.95815659,133697600
2018-11-08,50.13962431,50.17305377,49.36835669,49.78384018,101450400
2018-11-09,49.08183008,49.19166819,48.29384572,48.82394409,137463200
2018-11-12,47.51779318,47.72076009,46.27373278,46.36447144,204542000
2018-11-13,45.75797753,47.08321998,45.71499471,45.90124512,187531600
2018-11-14,46.30000112,46.43849563,44.39690118,44.60464478,243204000
2018-11-15,44.98430756,45.83915072,44.62851975,45.70543289,185915200
2018-11-16,45.48814276,46.55550262,45.23981015,46.21165466,147713200
2018-11-19,45.3687529,45.53590021,44.17245184,44.3801918,167701200
2018-11-20,42.59170422,43.33193266,41.90878499,42.25979614,271300800
2018-11-21,42.91645264,43.04539745,42.15712471,42.21204376,124496800
2018-11-23,41.77268864,42.1690692,41.09454595,41.13991165,94496000
2018-11-26,41.60554257,41.77507643,40.65518381,41.69627762,179994000
2018-11-27,40.95366117,41.7320959,40.8032304,41.60554123,165549600
2018-11-28,42.20010185,43.28895132,41.77029189,43.20537949,184250000
2018-11-29,43.61608139,43.64951085,42.43171671,42.87346649,167080000
2018-11-30,43.05017008,43.05972343,42.27173909,42.64185333,158126000
2018-12-03,44.04589683,44.16051161,43.26985238,44.13185883,163210000
2018-12-04,43.20776952,43.55161752,42.09026718,42.19055557,165377200
2018-12-06,41.01335473,41.7344802,40.69338648,41.72015381,172393600
2018-12-07,41.42644701,41.66522991,40.18716317,40.2325325,169126400
2018-12-10,39.39917868,40.61458277,39.00041167,40.49758148,248104000
2018-12-11,40.98948034,41.02051964,39.87675096,40.26596832,189126800
2018-12-12,40.68861547,41.05156659,40.35909746,40.37820053,142510800
2018-12-13,40.71010436,41.20677331,40.48564782,40.81994247,127594400
2018-12-14,40.35431468,40.37341776,39.4660419,39.51379776,162814800
2018-12-17,39.50663328,40.19910594,38.85714345,39.14607239,177151600
2018-12-18,39.48992516,40.00330704,39.25352873,39.65468597,135366000
2018-12-19,39.63796657,39.98420109,37.98797564,38.41778564,196189200
2018-12-20,38.30077925,38.70909965,37.08298853,37.44832611,259092000
2018-12-21,37.45547738,37.76589581,35.72907842,35.99173737,382978400
2018-12-24,35.375685,36.18754904,35.00318426,35.06049347,148676800
2018-12-26,35.4115216,37.54385215,35.034244,37.52952576,234330000
2018-12-27,37.21191997,37.43398993,35.8341455,37.28594208,212468400
2018-12-28,37.60832057,37.85188024,36.90391148,37.30506516,169165600
2018-12-31,37.85425197,38.0524422,37.3647463,37.66561508,140014000
2019-01-02,36.98509086,37.93067294,36.82749324,37.70860291,148158800
2019-01-03,34.37996114,34.7954447,33.90717202,33.95254135,365248800
2019-01-04,34.51129537,35.47120374,34.33698486,35.40195465,234428400
2019-01-07,35.50701448,35.53805742,34.83842167,35.32315063,219111200
2019-01-08,35.71237256,36.25202428,35.46403992,35.99652481,164101200
2019-01-09,36.12546466,36.8991226,35.7290878,36.60780716,180396400
2019-01-10,36.41439683,36.76540803,36.02279297,36.72481537,143122800
2019-01-11,36.50513105,36.70093113,36.177996,36.36424637,108092800
2019-01-14,36.02039164,36.12067999,35.63117446,35.81742477,129756800
2019-01-15,35.88190614,36.62690759,35.82937361,36.55049896,114843600
2019-01-16,36.55289572,37.22148873,36.53379264,36.99703217,122278800
2019-01-17,36.82032103,37.64651144,36.59586453,37.21670151,119284800
2019-01-18,37.60830874,37.69904741,37.24535769,37.44593811,135004000
2019-01-22,37.34803412,37.42444275,36.44304489,36.60541916,121576000
2019-01-23,36.80837897,37.04477533,36.22336165,36.75345993,92522400
2019-01-24,36.79881996,36.88716844,36.23290585,36.46213531,101766000
2019-01-25,37.12596633,37.75874324,36.84898092,37.67039108,134142000
2019-01-28,37.1999919,37.32893673,36.69138673,37.32177353,104768400
2019-01-29,37.30982742,37.75874043,36.79883217,36.93493652,166348800
2019-01-30,38.98131172,39.67378073,38.26018628,39.45887756,244439200
2019-01-31,39.66422794,40.35431038,39.29411371,39.74302673,162958400
2019-02-01,39.86719197,40.34953078,39.62124225,39.76212692,130672400
2019-02-04,39.9746456,40.98947291,39.94360265,40.89157104,125982000
2019-02-05,41.27601026,41.80610857,41.1542323,41.59120178,144406400
2019-02-06,41.70343947,41.92312298,41.27363308,41.60554123,112958400
2019-02-07,41.16617166,41.53389938,40.67427946,40.81755066,126966800
2019-02-08,40.52498734,40.9254646,40.38829559,40.86551285,95280000
2019-02-11,41.01898679,41.05735679,40.58733348,40.63049698,83973600
2019-02-12,40.79117161,41.00699644,40.69524661,40.98061752,89134000
2019-02-13,41.10052424,41.36191301,40.74800763,40.81035614,89960800
2019-02-14,40.69764902,41.06934696,40.61851227,40.95903778,87342800
2019-02-15,41.06695256,41.17486499,40.70724203,40.86791229,98507200
2019-02-19,40.69765408,41.11251923,40.64489624,40.9902153,75891200
2019-02-20,41.0525608,41.56335088,41.00460013,41.2539978,104457600
2019-02-21,41.19883986,41.33552794,40.83912939,41.02138138,68998800
2019-02-22,41.1460881,41.48661363,41.09812743,41.47941971,75652800
2019-02-25,41.76478966,42.1748576,41.71442858,41.78157425,87493600
2019-02-26,41.65687047,42.03816268,41.52737266,41.80554962,68280800
2019-02-27,41.53696277,41.96621559,41.4218528,41.93503952,111341600
2019-02-28,41.80316427,41.94464955,41.46743223,41.52258682,112861600
2019-03-01,41.79356274,42.00219365,41.46023116,41.95903015,103544800
2019-03-04,42.13169302,42.62569486,41.71922468,42.17006302,109744800
2019-03-05,42.1916445,42.20603234,41.8559125,42.09332275,78949600
2019-03-06,41.88708576,42.08372925,41.71202769,41.85111618,83241600
2019-03-07,41.69524511,41.83193686,41.25160432,41.36671066,99185600
2019-03-08,40.8439314,41.50340067,40.64728789,41.46503067,95997600
2019-03-11,42.08373111,42.95422802,42.05015827,42.90147018,128044000
2019-03-12,43.16525865,43.80554288,43.01417907,43.38348389,129870400
2019-03-13,43.70481916,43.95661721,43.38587546,43.57532501,124130000
2019-03-14,44.10051636,44.1484807,43.77917579,44.0597496,94318000
2019-03-15,44.32832889,44.92304927,44.06214295,44.63288116,156171600
2019-03-18,44.5561406,45.17723984,44.55374018,45.08851242,104879200
2019-03-19,45.16765939,45.32113576,44.58492635,44.7312088,126585600
2019-03-20,44.65926371,45.441037,44.29955316,45.1220932,124140800
2019-03-21,45.56813111,47.08131283,45.51777003,46.78395081,204136800
2019-03-22,46.84389095,47.40743877,45.75037179,45.8151207,169630800
2019-03-25,45.92543599,46.03814556,44.74798643,45.26117325,175381200
2019-03-26,45.96139944,46.2539642,44.26356585,44.79353714,199202000
2019-03-27,45.26356442,45.50576814,44.73598983,45.19641876,119393600
2019-03-28,45.31153658,45.45781901,44.97101104,45.25638199,83121600
2019-03-29,45.52255871,45.58251046,45.21320567,45.55133438,94256000
2019-04-01,45.95660858,45.96619925,45.17483916,45.86068726,111448000
2019-04-02,45.82471878,46.63287086,45.81512811,46.52735519,91062800
2019-04-03,46.34270961,47.12208247,46.31872744,46.84630585,93087200
2019-04-04,46.71200126,47.09089674,46.3163212,46.92782974,76457200
2019-04-05,47.11007931,47.26595604,46.98537866,47.24197388,74106400
2019-04-08,47.10289791,48.01656214,47.08371291,47.98538971,103526800
2019-04-09,48.03813901,48.64485041,47.7767466,47.84149551,143072800
2019-04-10,47.64484321,48.1388486,47.52493973,48.11006927,86781200
2019-04-11,48.16524171,48.2012113,47.58730591,47.70960617,83603200
2019-04-12,47.76954735,47.99496649,47.05252686,47.69041061,111042800
2019-04-15,47.62086796,47.92542384,47.48417624,47.77674103,70146400
2019-04-16,47.83189717,48.28992568,47.61606872,47.7815361,102785600
2019-04-17,47.85109181,48.77195356,47.62807303,48.7120018,115627200
2019-04-18,48.70958455,48.9565854,48.56570258,48.887043,96783200
2019-04-22,48.64006586,49.14605889,48.52255908,49.04773712,77758000
2019-04-23,49.02374536,49.81990639,48.89664793,49.75515747,93292000
2019-04-24,49.72637787,49.99496053,49.65203829,49.67841721,70162400
2019-04-25,49.5992903,49.82230909,49.18921865,49.22758865,74172800
2019-04-26,49.13646245,49.16044461,48.46979915,48.99258041,74596400
2019-04-29,49.01656014,49.39305897,48.88706594,49.06692123,88818800
2019-04-30,48.69521276,48.77674627,47.74797576,48.12207413,186139600
2019-05-01,50.33070409,51.63285459,50.17482731,50.48418045,259309200
2019-05-02,50.32110326,50.99496039,49.91103531,50.15563583,127985200
2019-05-03,50.57290247,50.80071841,50.41462896,50.77913666,83569600
2019-05-06,48.9901689,50.08129145,48.80072299,49.99496078,129772400
2019-05-07,49.37146934,49.74077053,48.16044318,48.64725113,155054800
2019-05-08,48.41702667,49.24196325,48.38105709,48.65683365,105358000
2019-05-09,48.05731991,48.36427257,47.1604441,48.13405991,139634400
2019-05-10,47.52501984,47.8692664,46.40562437,47.46724319,164834800
2019-05-13,45.18752827,45.61361865,44.01757778,44.70847321,229722400
2019-05-14,44.87458171,45.66658358,44.63385116,45.41622543,146118800
2019-05-15,44.84086333,46.1600652,44.78068071,45.96025848,106178800
2019-05-16,45.71714052,46.33341015,45.45955706,45.75806427,132125600
2019-05-17,44.99975581,45.9554563,44.95883206,45.49806976,131516400
2019-05-20,44.17886393,44.37867069,43.39889576,44.0753479,154449200
2019-05-21,44.58810172,45.25733219,44.46292084,44.92031097,113459200
2019-05-22,44.45329164,44.70605938,43.94535018,44.00071716,118994400
2019-05-23,43.28334354,43.46148176,42.80428854,43.24964142,146118800
2019-05-24,43.37963554,43.8466533,42.99928091,43.08353806,94858800
2019-05-28,43.07150014,43.47351963,42.82836366,42.90539551,111792800
2019-05-29,42.46966847,43.17501064,42.36856211,42.70077133,113924800
2019-05-30,42.8379917,43.14612644,42.52985695,42.92224884,84873600
2019-05-31,42.42393606,42.8476241,42.12543259,42.14469147,108174400
2019-06-03,42.27227058,42.83076334,40.98917678,41.71858978,161584400
2019-06-04,42.2337599,43.29056665,42.01228827,43.24482727,123872000
2019-06-05,44.36181596,44.53273623,43.60592234,43.94294357,119093600
2019-06-06,44.07294866,44.64829451,43.84906734,44.58811188,90105200
2019-06-07,44.89864349,46.20099635,44.72050527,45.77490234,122737600
2019-06-10,46.17451503,47.031515,46.12877565,46.35987854,104883600
2019-06-11,46.90875433,47.18318701,46.60543517,46.89671707,107731600
2019-06-12,46.68968277,47.17595944,46.55487426,46.74745941,73012800
2019-06-13,46.87022217,47.37334797,46.60542085,46.73781967,86698400
2019-06-14,46.11192946,46.60301808,45.81101633,46.39839935,75046000
2019-06-17,46.43690744,46.93281531,46.26117522,46.67523193,58676400
2019-06-18,47.19522031,48.21591539,46.99300755,47.77297211,106204000
2019-06-19,48.06906436,48.1172134,47.49853425,47.63334274,84496800
2019-06-20,48.23517144,48.29294809,47.67186292,48.01610947,86056000
2019-06-21,47.85722119,48.35071942,47.70074417,47.85240555,191202400
2019-06-24,47.79461754,48.18460333,47.70554845,47.80424881,72881600
2019-06-25,47.76815959,47.96796638,47.01226584,47.07967377,84281200
2019-06-26,47.60927874,48.38443135,47.50817235,48.09796143,104270000
2019-06-27,48.21591401,48.52405246,48.04259142,48.08351517,83598800
2019-06-28,47.82833196,48.02573273,47.43594376,47.64537811,124442400
2019-07-01,48.90921594,49.22698197,48.30257405,48.5192337,109012000
2019-07-02,48.48552519,48.8995819,48.47348794,48.80328751,67740800
2019-07-03,48.93570266,49.21495096,48.79367253,49.20772934,45448000
2019-07-05,48.95254642,49.36900913,48.84421476,49.16438675,69062000
2019-07-08,48.34108871,48.48311881,47.76333701,48.15091324,101354400
2019-07-09,47.95351073,48.50959755,47.85962599,48.44460297,82312000
2019-07-10,48.59145467,49.04402553,48.52164077,48.92366028,71588400
2019-07-11,48.94292184,49.20291124,48.55775521,48.56738281,80767200
2019-07-12,48.73589121,49.10902423,48.67570858,48.94051361,70380800
2019-07-15,49.13067846,49.55917838,49.1090136,49.40029907,67789600
2019-07-16,49.25105405,49.61696546,48.98865868,49.22938919,67467200
2019-07-17,49.12106343,49.37142155,48.93329391,48.9525528,56430000
2019-07-18,49.10902296,49.56159748,49.03680307,49.50863647,74162400
2019-07-19,49.53993304,49.71085333,48.71422911,48.7695961,83717200
2019-07-22,49.0247647,49.88658033,49.0151371,49.88417435,89111600
2019-07-23,50.18267957,50.29100756,49.90102167,50.27415466,73420800
2019-07-24,49.9925077,50.34878784,49.87214243,50.23323822,59966400
2019-07-25,50.28620161,50.37045877,49.76622277,49.83603668,55638400
2019-07-26,49.94676517,50.48840882,49.86491768,50.00935745,70475600
2019-07-29,50.18268013,50.70747084,50.17786449,50.47636795,86693600
2019-07-30,50.25490421,50.59192916,49.90584568,50.25971985,135742800
2019-07-31,52.09889907,53.29051442,50.86635997,51.28522873,277125600
2019-08-01,51.49224923,52.48646731,49.76862175,50.17545319,216071600
2019-08-02,49.47733225,49.6939882,48.5384849,49.11383057,163448400
2019-08-05,47.66222258,47.82110188,46.35986997,46.54282379,209572000
2019-08-06,47.257796,47.68148396,46.71133683,47.4239006,143299200
2019-08-07,47.04114039,48.04017034,46.65837984,47.91498947,133457600
2019-08-08,48.19424706,48.99588009,47.99925593,48.97180557,108038000
2019-08-09,48.6431696,48.99596946,48.15746049,48.56826019,98478800
2019-08-12,48.23720759,48.82440727,48.12363406,48.44502258,89927600
2019-08-13,48.57550403,51.26259663,48.44501359,50.49658203,188874000
2019-08-14,49.09262473,49.88522045,48.95488524,48.99354935,146189600
2019-08-15,49.16511874,49.57108078,48.24928165,48.74948883,108909600
2019-08-16,49.3632743,50.05921356,49.25694984,49.89972687,110481600
2019-08-19,50.89530059,51.405172,50.75273083,50.83005905,97654400
2019-08-20,50.95813026,51.55499408,50.82280957,50.83247375,107537200
2019-08-21,51.46800013,51.62748312,51.13211353,51.38342285,86141600
2019-08-22,51.51633142,51.81838786,50.92671665,51.33993149,89014800
2019-08-23,50.60773339,51.24084608,48.57066689,48.96696472,187272000
2019-08-26,49.74508213,50.0664707,49.55176523,49.89731979,104174400
2019-08-27,50.22836449,50.39510024,49.18204047,49.33427811,103493200
2019-08-28,49.31978196,49.71124597,49.13129902,49.66533279,63755200
2019-08-29,50.38301078,50.58116156,49.93838462,50.50624847,83962000
2019-08-30,50.78414135,50.85421681,50.06887014,50.44100571,84573600
2019-09-03,49.88280174,50.01570729,49.34876807,49.70640182,80092000
2019-09-04,50.35643442,50.61982676,50.09787602,50.54975128,76752400
2019-09-05,51.2287766,51.70481788,51.11036913,51.53808212,95654800
2019-09-06,51.724143,51.81355052,51.35200742,51.53324127,77449200
2019-09-09,51.91504895,52.30168271,51.00404929,51.75314713,109237600
2019-09-10,51.67823063,52.38383401,51.15869504,52.36450195,127111600
2019-09-11,52.69556689,54.05844558,52.61340473,54.02944565,177158400
2019-09-12,54.32182609,54.71329002,53.85303395,53.9086113,128906800
2019-09-13,53.16193115,53.35282919,52.44182966,52.85987473,159053200
2019-09-16,52.61339825,53.19334883,52.57231902,53.13776779,84632400
2019-09-17,53.15226635,53.36008131,52.94928163,53.33108139,73274800
2019-09-18,53.4180688,53.85061562,53.02660489,53.83128357,101360000
2019-09-19,53.64763389,54.07051287,53.25133603,53.39390945,88242400
2019-09-20,53.49539491,53.78053437,52.55056166,52.61338806,221652400
2019-09-23,52.90819651,53.12326052,52.59405713,52.85261917,76662000
2019-09-24,53.41083115,53.76363471,52.48291459,52.60131836,124763200
2019-09-25,52.81154115,53.52439351,52.47082065,53.41082001,87613600
2019-09-26,53.16193802,53.38908507,52.87921361,53.1353569,75334000
2019-09-27,53.29241532,53.39390952,52.50465353,52.87678909,101408000
2019-09-30,53.37941302,54.2686691,53.3528319,54.12126541,103909600
2019-10-01,54.38707616,55.14825691,54.17684237,54.27108383,139223200
2019-10-02,53.90137228,54.0270288,52.66173135,52.91062927,138449200
2019-10-03,52.78254908,53.39391471,51.98512302,53.36008453,114426000
2019-10-04,54.524809,54.97185399,54.10193001,54.85586166,138478800
2019-10-07,54.67704858,55.56146702,54.57313925,54.86794662,122306000
2019-10-08,54.56830565,55.10958839,54.20825308,54.22516632,111820000
2019-10-09,54.8606987,55.04434769,54.52481209,54.8606987,74770400
2019-10-10,55.07818891,55.68472073,54.92595494,55.60014343,113013600
2019-10-11,56.2912406,57.42455701,56.13658784,57.0790062,166795600
2019-10-14,56.76243394,57.54295029,56.7068566,56.99682999,96427600
2019-10-15,57.1224996,57.42697117,56.75761673,56.86394119,87360000
2019-10-16,56.39272756,56.8446065,56.35164833,56.63437271,73903200
2019-10-17,56.80836158,57.06450487,56.42898058,56.85427475,67585200
2019-10-18,56.68753862,57.410059,56.61504434,57.12733459,97433600
2019-10-21,57.39555965,58.23406866,57.34723136,58.11807632,87247200
2019-10-22,58.27513805,58.52644735,57.9030025,57.98516464,82293600
2019-10-23,58.50229019,58.77776551,58.28964129,58.7632637,75828800
2019-10-24,59.08465636,59.15473552,58.43221517,58.85992813,69275200
2019-10-25,58.75843202,59.62110324,58.69077168,59.58485794,73477200
2019-10-28,59.7878342,60.2300452,59.61868336,60.18171692,96572800
2019-10-29,60.16239473,60.35087766,58.61586721,58.78984833,142839600
2019-10-30,59.14506431,59.27555475,58.28722699,58.78259659,124522000
2019-10-31,59.74433541,60.21070868,57.33271467,60.1116333,139162000
2019-11-01,60.30012642,61.84423871,60.20830377,61.81766129,151125200
2019-11-04,62.18254608,62.30820628,61.71134244,62.223629,103272000
2019-11-05,62.11489201,62.39037106,61.93849574,62.13422775,79897600
2019-11-06,62.04721599,62.22120077,61.70891429,62.16078949,75864400
2019-11-07,62.71099086,63.10121153,62.55829614,62.87822723,94940400
2019-11-08,62.69884884,63.12299737,62.25288784,63.05028915,69986400
2019-11-11,62.60432828,63.61501703,62.59948353,63.54957962,81821200
2019-11-12,63.39203645,63.69258107,63.23934917,63.4914093,87388800
2019-11-13,63.29024493,64.17489627,63.27570329,64.09976196,102734400
2019-11-14,63.92526646,64.19914651,63.52535632,63.65623856,89182800
2019-11-15,63.90829469,64.41727456,63.74591049,64.41242981,100206400
2019-11-18,64.42208884,64.81715401,64.0415727,64.73717499,86703200
2019-11-19,64.93109914,64.95533769,64.32275381,64.54088593,76167200
2019-11-20,64.35910421,64.48997904,63.11331553,63.78953171,106234400
2019-11-21,63.91070946,63.98826984,63.30235684,63.50352859,121395200
2019-11-22,63.64410405,63.78710183,63.21995544,63.44778442,65325200
2019-11-25,63.67318718,64.57723231,63.62713617,64.56026459,84020400
2019-11-26,64.69841779,64.75173962,63.62229158,64.05613708,105207600
2019-11-27,64.36879725,64.95049276,64.30335983,64.91655731,65235600
2019-11-29,64.61598968,64.95530696,64.44632733,64.77352905,46617600
2019-12-02,64.77838909,65.01591495,63.852539,64.02462006,94487200
2019-12-03,62.6067544,62.90244685,62.11716841,62.88306046,114430400
2019-12-04,63.27571089,63.81861881,63.18118278,63.43809509,67181600
2019-12-05,63.93495914,64.44393901,63.67804683,64.3687973,74424400
2019-12-06,64.82929215,65.68243402,64.78565982,65.61214447,106075600
2019-12-09,65.44005586,65.63394937,64.20639051,64.69355774,128042400
2019-12-10,65.10076146,65.45704663,64.43666081,65.07167816,90420400
2019-12-11,65.15165693,65.70668782,65.07652262,65.62670135,78756800
2019-12-12,64.9020079,66.06053923,64.79051948,65.79393005,137310400
2019-12-13,65.7939375,66.72463995,65.66548134,66.68828583,133587600
2019-12-16,67.13666516,68.05525192,67.13182041,67.82984161,128186000
2019-12-17,67.75955197,68.29276287,67.57292187,67.9631424,114158400
2019-12-18,67.81530001,68.32427982,67.65048975,67.80075836,116028400
2019-12-19,67.74257653,68.14975733,67.60927567,67.86860657,98369200
2019-12-20,68.40425866,68.50605018,67.51475529,67.7280426,275978000
2019-12-23,67.99223319,68.89385224,67.953453,68.83325958,98572000
2019-12-24,69.00050346,69.04898055,68.57151006,68.89870453,48478800
2019-12-26,69.03199765,70.28263086,69.00291436,70.26566315,93121200
2019-12-27,70.55891406,71.24967161,69.8318024,70.23898315,146266000
2019-12-30,70.15660088,70.93946068,69.12895177,70.65588379,144114400
2019-12-31,70.27051536,71.17940522,70.17114251,71.1721344,100805600
2020-01-02,71.79987337,72.85661317,71.54538716,72.79602051,135480400
2020-01-03,72.02042388,72.85175328,71.86288447,72.08828735,146322800
2020-01-06,71.20606216,72.70148465,70.95399466,72.66270447,118387200
2020-01-07,72.67240923,72.92932151,72.1004181,72.32097626,108872000
2020-01-08,72.0228575,73.7873154,72.0228575,73.48435211,132079200
2020-01-09,74.46596521,75.23912827,74.21390502,75.04523468,170108400
2020-01-10,75.28031907,75.78202805,74.71074661,75.21487427,140644800
2020-01-13,75.53237897,76.84844959,75.41361235,76.82178497,121532000
2020-01-14,76.75878911,76.96965039,75.66085034,75.78445435,161954400
2020-01-15,75.58327477,76.467926,75.02581794,75.45966339,121923600
2020-01-16,76.0050048,76.51641067,75.64144885,76.40491486,108829200
2020-01-17,76.65454881,77.2532045,76.34674081,77.25078583,137816400
2020-01-21,76.87754829,77.32108333,76.58912662,76.72727966,110843200
2020-01-22,77.21443963,77.55618314,76.90663156,77.00115967,101832400
2020-01-23,77.05446623,77.45195018,76.50428022,77.37197113,104472000
2020-01-24,77.61919406,78.36569234,76.95751958,77.14899445,146537600
2020-01-27,75.14944475,75.5638965,73.89396653,74.88041687,161940000
2020-01-28,75.76506027,77.17080697,75.66568743,76.99872589,162234000
2020-01-29,78.63715351,79.46121217,77.8930739,78.61048889,216229200
2020-01-30,77.68948346,78.54989624,77.25563797,78.4965744,126743200
2020-01-31,77.78399672,78.20814528,74.72043611,75.01612854,199588400
2020-02-03,73.75337983,75.98076652,73.24925218,74.81011963,173788400
2020-02-04,76.42187506,77.47134393,76.01469422,77.27986908,136616400
2020-02-05,78.41173571,78.71228029,77.30410767,77.91003418,118826800
2020-02-06,78.18151062,78.82379143,77.62163495,78.82136536,105425600
2020-02-07,78.31845427,78.5686882,77.25678206,77.74996185,117684000
2020-02-10,76.32872997,78.11923981,76.2485611,78.11923981,109348800
2020-02-11,78.6172854,78.69016619,77.42927653,77.64792633,94323200
2020-02-12,78.09980748,79.4967462,78.09980748,79.49188995,113730400
2020-02-13,78.76060277,79.25378246,78.55652918,78.92580414,94747600
2020-02-14,78.89423513,79.19549303,78.43507131,78.94525909,80113600
2020-02-18,76.6153989,77.68193473,76.43318951,77.49972534,152531200
2020-02-19,77.7426686,78.85293286,77.7426686,78.62213135,93984000
2020-02-20,78.38162742,78.87237541,77.30780341,77.81555939,100566000
2020-02-21,77.40740945,77.85200453,75.43469024,76.05419922,129554000
2020-02-24,72.21807573,73.89925662,70.26722112,72.44158173,222195200
2020-02-25,73.11457407,73.49842534,69.51411393,69.987854,230673600
2020-02-26,69.61126393,72.3687004,69.60397585,71.09809113,198054800
2020-02-27,68.2920878,69.48252112,66.3145048,66.45055389,320605600
2020-02-28,62.50023068,67.63853219,62.28400538,66.41165161,426510000
2020-03-02,68.57874838,73.23359136,67.47091599,72.59464264,341397200
2020-03-03,73.77535934,73.85552819,69.43391137,70.28908539,319475600
2020-03-04,72.01886735,73.70976837,71.21471719,73.54942322,219178400
2020-03-05,71.79533413,72.77440532,70.79683053,71.16368103,187572800
2020-03-06,68.51073405,70.65351836,68.3236684,70.21864319,226176800
2020-03-09,64.07696194,67.56080421,63.89475257,64.6648941,286744800
2020-03-10,67.33001496,69.58940835,65.44232101,69.32216644,285290000
2020-03-11,67.39076056,68.32124001,66.04726274,66.9145813,255598800
2020-03-12,62.17955231,65.59536986,60.25056195,60.30643845,418474000
2020-03-13,64.35391881,68.00539402,61.45314156,67.53164673,370732000
2020-03-16,58.78074955,62.94240957,58.30700587,58.84391785,322423600
2020-03-17,60.13152785,62.58527879,57.91829094,61.43128967,324056000
2020-03-18,58.25113092,60.73646608,57.60732216,59.9274559,300233600
2020-03-19,60.10237728,61.4264315,58.94109634,59.46828842,271857200
2020-03-20,60.05134655,61.18104684,55.39164746,55.69290161,401693200
2020-03-23,55.41109647,55.51313329,51.65272343,54.50976563,336752800
2020-03-24,57.42267859,60.17525538,56.92221075,59.97846985,287531200
2020-03-25,60.91867716,62.74077119,59.35167703,59.64807129,303602000
2020-03-26,59.8910049,62.84522326,59.85213267,62.78691864,252087200
2020-03-27,61.40455419,62.16254394,60.0197638,60.187397,204216800
2020-03-30,60.9162379,62.07751865,60.59068767,61.90502548,167976400
2020-03-31,62.09696014,63.77085318,61.22235361,61.77869797,197002000
2020-04-01,59.88615798,60.42549811,58.09564807,58.52809143,176218400
2020-04-02,58.38960208,59.55817098,57.5538678,59.5047226,165934000
2020-04-03,58.98724977,59.69179121,58.05676677,58.64955521,129880000
2020-04-06,60.95511717,63.92148416,60.58584211,63.76600266,201820400
2020-04-07,65.78974415,66.00840138,62.92298561,63.02745056,202887200
2020-04-08,63.8315883,64.95642874,63.46474512,64.64060211,168895200
2020-04-09,65.27955255,65.61238718,64.30776916,65.10705566,161834800
2020-04-13,65.18481071,66.4942926,64.58230224,66.38496399,131022800
2020-04-14,68.0248221,70.02912489,67.55107484,69.73758698,194994800
2020-04-15,68.60789453,69.56266977,68.17788312,69.10107422,131154400
2020-04-16,69.81777207,70.01698942,68.59575487,69.65013885,157125200
2020-04-17,69.1642493,69.71330926,67.26197929,68.70507813,215250000
2020-04-20,67.52680121,68.43298447,67.25955929,67.2789917,130015200
2020-04-21,67.12107375,67.3567315,64.48511,65.19937134,180991600
2020-04-22,66.47242175,67.5146617,66.12987457,67.07736206,116862400
2020-04-23,67.02147935,68.45000233,66.77853347,66.8174057,124814400
2020-04-24,67.34459633,68.75611121,67.29600419,68.7463913,126161200
2020-04-27,68.46214844,69.12782522,68.01270448,68.79499054,117087600
2020-04-28,69.25899565,69.44120503,67.58753453,67.67984772,112004800
2020-04-29,69.17396407,70.37411698,68.96989048,69.90280151,137280800
2020-04-30,70.4445986,71.55486327,70.05345922,71.37751007,183064000
2020-05-01,69.54323881,72.64079792,69.44606197,70.22834778,240616800
2020-05-04,70.25265616,71.35076876,69.56025899,71.22200775,133568000
2020-05-05,71.68359763,73.12669649,71.53782865,72.29096222,147751200
2020-05-06,72.99550015,73.67088924,72.60921718,73.0368042,142333600
2020-05-07,73.66603686,74.13978421,73.36235457,73.79236603,115215200
2020-05-08,74.45498205,75.60235253,74.12611582,75.54875946,133838400
2020-05-11,75.05424012,77.23448699,74.84473724,76.7375412,145946400
2020-05-12,77.42450325,77.87760966,75.73877106,75.86057281,162301200
2020-05-13,76.04082628,76.96652398,73.86301053,74.9446106,200622400
2020-05-14,74.1797115,75.46593781,73.45377032,75.40503693,158929200
2020-05-15,73.16630293,75.00550614,73.13219488,74.95922089,166348400
2020-05-18,76.28930455,77.10050086,75.59503315,76.72534943,135178400
2020-05-19,76.74240439,77.59257816,76.25032804,76.28199768,101729600
2020-05-20,77.14434775,77.83618073,77.1053703,77.76554108,111504800
2020-05-21,77.62668985,78.16992832,76.94703403,77.18576813,102688800
2020-05-22,76.92268239,77.76555593,76.82037307,77.68273163,81803200
2020-05-26,78.80573295,78.98599716,77.10050844,77.15653992,125522000
2020-05-27,77.01281454,77.63886989,76.2698194,77.4927063,112945200
2020-05-28,77.16626626,78.79110463,76.88856218,77.52680206,133560800
2020-05-29,77.77040626,78.23325136,77.09318892,77.45128632,153532400
2020-06-01,77.4050099,78.52558745,77.27346193,78.40378571,80791200
2020-06-02,78.13582198,78.79111599,77.69246183,78.76675415,87642800
2020-06-03,79.08833049,79.46348205,78.51342224,79.20038605,104491200
2020-06-04,79.02254105,79.32216859,78.14312857,78.51828003,87560400
2020-06-05,78.76919529,80.81546325,78.73996406,80.75456238,137250400
2020-06-08,80.45005995,81.26613321,79.73630345,81.23202515,95654400
2020-06-09,80.91046941,84.19180139,80.87879977,83.79716492,147712400
2020-06-10,84.74964695,86.42320163,84.30872526,85.95304871,166651600
2020-06-11,85.09311611,85.51942213,81.72408385,81.82639313,201662400
2020-06-12,83.97498022,84.72527556,81.41714403,82.53284454,200146000
2020-06-15,81.18087757,84.20886771,81.01765993,83.55357361,138808800
2020-06-16,85.61688846,86.04076363,83.97500316,85.76792145,165428800
2020-06-17,86.5157952,86.57669609,85.52676543,85.6485672,114406400
2020-06-18,85.60471568,86.10166895,85.07122337,85.68267059,96820400
2020-06-19,86.39156401,86.85927865,84.07976134,85.19303131,264476000
2020-06-22,85.5876628,87.56572226,85.54137753,87.42199707,135445200
2020-06-23,88.67167022,90.71306866,88.25023351,89.28798676,212155600
2020-06-24,88.9152778,89.83853715,87.33672444,87.71187592,192623200
2020-06-25,87.86778995,88.91528208,87.10530977,88.87630463,137522400
2020-06-26,88.77154541,88.99322547,85.99689819,86.14550018,205256800
2020-06-29,86.05292961,88.22587593,85.57303046,88.130867,130646000
2020-06-30,87.71674544,89.15401204,87.69726043,88.86655426,140223200
2020-07-01,88.94452065,89.49019018,88.64976245,88.6984787,110737200
2020-07-02,89.60956097,90.24780103,88.58399218,88.6984787,114041600
2020-07-06,90.13328451,91.54131228,90.10161487,91.07115936,118655600
2020-07-07,91.45118361,92.2331487,90.67652633,90.78858185,112424400
2020-07-08,91.77032125,92.93474582,91.68262012,92.90307617,117092000
2020-07-09,93.79952759,93.85312066,92.25021285,93.30258179,125642800
2020-07-10,92.89576608,93.52426732,92.28188788,93.46579742,90257200
2020-07-13,94.77637812,97.39755419,92.82024229,93.03461456,191649200
2020-07-14,92.41341152,94.766622,91.47554408,94.5741806,170989200
2020-07-15,96.4572348,96.70814609,94.02119992,95.22460175,153198000
2020-07-16,94.09185679,94.91279944,93.45117836,94.05287933,110577600
2020-07-17,94.50598611,94.66188849,93.38783944,93.86286926,92186800
2020-07-20,93.95056146,95.97977527,93.60464124,95.84091949,90318000
2020-07-21,96.63506517,96.71058165,94.26723904,94.51815033,103433200
2020-07-22,94.21854463,95.46823206,94.13085092,94.78370667,89001600
2020-07-23,94.51570968,94.59366457,89.65582482,90.46945953,197004400
2020-07-24,88.65949991,90.59127395,86.86413581,90.2453537,185438800
2020-07-27,91.31233191,92.47675631,91.08822087,92.38418579,121214000
2020-07-28,91.95301619,92.13084943,90.8616698,90.86654663,103625600
2020-07-29,91.35131194,92.79344792,91.3147729,92.60830688,90329200
2020-07-30,91.77760055,93.83361428,91.36834853,93.72886658,158130000
2020-07-31,100.2525895,103.6922699,98.24529157,103.5412369,374336800
2020-08-03,105.4315971,108.7811454,105.1319695,106.1502304,308151200
2020-08-04,106.3402465,107.9553391,105.6143054,106.8591232,173071600
2020-08-05,106.5789659,107.5679955,106.1112439,107.2464371,121776800
2020-08-06,107.5801642,111.4851276,106.9882096,110.9881744,202428800
2020-08-07,110.5074112,110.9662126,107.6643154,108.4647751,198045600
2020-08-10,109.9168414,111.0638452,107.3787985,110.0413055,212403600
2020-08-11,109.3018645,109.8021491,106.5075721,106.7686996,187902400
2020-08-12,107.8644363,110.5757547,107.6692051,110.31707,165598000
2020-08-13,111.7032283,113.2773068,111.2127001,112.2694092,210082000
2020-08-14,112.0937123,112.2596596,110.3512436,112.1693649,165565200
2020-08-17,113.2968257,113.3212315,111.2468685,111.8764954,119561600
2020-08-18,111.6275956,113.2358364,111.2908154,112.8087616,105633600
2020-08-19,113.21872,114.3706018,112.8550988,112.9502716,145538000
2020-08-20,112.9917712,115.5713044,112.9746864,115.456604,126907200
2020-08-21,116.4205664,121.892007,116.4083673,121.4063644,338054800
2020-08-24,125.630743,125.7161669,120.9841751,122.8584213,345937600
2020-08-25,121.7260758,122.1970765,120.1202705,121.8505325,211495600
2020-08-26,123.1732311,123.9663698,122.10188,123.5075684,163022400
2020-08-27,124.1128121,124.4471495,120.8816813,122.0311279,155552400
2020-08-28,123.0097306,123.4294844,121.6089277,121.8334503,187630000
2020-08-31,124.5398792,127.8783817,122.9975274,125.9650803,225702700
2020-09-01,129.5964743,131.5878717,127.4196168,130.9826355,151948100
2020-09-02,134.3113126,134.6920186,123.9736693,128.2688141,200119000
2020-09-03,123.8858353,125.7698377,117.6285771,117.9995193,257599600
2020-09-04,117.2088376,120.7523352,108.2475886,118.0776291,332607200
2020-09-08,111.2346544,116.1545559,109.9949209,110.1315842,231366600
2020-09-09,114.4658004,116.300999,112.5134586,114.5243683,176940500
2020-09-10,117.4919177,117.628581,109.8192146,110.7856216,182274400
2020-09-11,111.8398975,112.4841738,107.3787968,109.3311386,180860300
2020-09-14,111.9863124,113.1674781,110.1120663,112.6110611,140150100
2020-09-15,115.5102989,115.9983843,110.9027713,112.7867813,184642000
2020-09-16,112.4841662,113.2358144,109.3701789,109.4580307,154679000
2020-09-17,107.1054646,109.5263641,106.11953,107.7106857,178011000
2020-09-18,107.7692636,108.2378214,103.5619621,104.2940903,287104900
2020-09-21,102.0488918,107.564258,100.6432035,107.4568787,195713800
2020-09-22,109.9949163,110.1706274,106.5587987,109.1456451,183055400
2020-09-23,108.9602135,109.4385352,104.225778,104.5674438,150718700
2020-09-24,102.6638883,107.6228381,102.4979411,105.6412125,167743300
2020-09-25,105.846198,109.7606449,105.1043061,109.604454,149981400
2020-09-28,112.2694307,112.5720414,110.0925661,112.2206192,137672400
2020-09-29,111.8203907,112.5622753,110.8637399,111.3713455,99382200
2020-09-30,111.0784995,114.4658141,110.9125522,113.0503616,142675200
2020-10-01,114.8367322,114.9148277,113.0698655,114.0069885,116120400
2020-10-02,110.1999209,112.6208277,109.5458882,110.3268204,144712000
2020-10-05,111.195621,113.870327,110.8441989,113.7238998,106243800
2020-10-06,112.9429685,113.3529659,109.5751819,110.463501,161498200
2020-10-07,111.888708,112.7965472,111.4103789,112.3377457,96849000
2020-10-08,113.4798748,113.626302,111.8594275,112.2303772,83477200
2020-10-09,112.5329701,114.211985,112.181548,114.1827011,100506900
2020-10-12,117.1990757,122.1970734,116.4376636,121.4356613,240226800
2020-10-13,122.2849253,122.4020685,116.7988496,118.2142944,262330500
2020-10-14,118.1166645,120.0982899,116.7695515,118.3021393,150712000
2020-10-15,115.8910022,118.3119016,115.3345851,117.83358,112559200
2020-10-16,118.3900247,118.6535951,115.978881,116.183876,115393800
2020-10-19,117.101449,117.5504866,112.903919,113.2162933,120639300
2020-10-20,113.4310651,116.1448267,112.8746479,114.7098541,124423700
2020-10-21,113.889852,115.8812414,113.6750932,114.0850906,89946000
2020-10-22,114.6512707,115.2272154,111.8594213,112.9917831,101988000
2020-10-23,113.6165276,113.7727185,111.5568065,112.2986984,82572600
2020-10-26,111.2932303,113.7727049,110.1901526,112.3084488,111850700
2020-10-27,112.7379602,114.4853067,111.8106009,113.8215103,92276800
2020-10-28,112.3084653,112.6794076,108.4525858,108.5502014,143937800
2020-10-29,109.6923205,114.1436571,109.5263658,112.5720215,146129200
2020-10-30,108.4135258,109.321365,105.153119,106.2659531,190272600
2020-11-02,106.5099872,108.042575,104.7626408,106.1780853,122866900
2020-11-03,107.0468918,108.8332787,106.1390527,107.8083038,107624400
2020-11-04,111.4201499,112.8355947,109.672803,112.2108459,138235500
2020-11-05,115.1393676,116.7695788,114.0851085,116.193634,126387100
2020-11-06,115.6997907,116.5603004,113.5582861,116.0615997,114457900
2020-11-09,117.8315449,119.288547,113.4800925,113.7441101,154515300
2020-11-10,112.9911429,114.9859605,111.6025832,113.4018402,138023400
2020-11-11,114.5948329,116.9807941,113.8614416,116.843895,112295000
2020-11-12,116.971023,117.8608672,115.9442722,116.5700989,103162300
2020-11-13,116.7949946,117.019897,115.2597627,116.6189804,81581900
2020-11-16,116.2865036,118.310663,115.5335586,117.6359482,91183000
2020-11-17,116.9025618,117.9977545,116.3256235,116.7461014,74271000
2020-11-18,115.9833793,117.1665829,115.3868872,115.4162216,76322100
2020-11-19,114.9859599,116.4234079,114.2232342,116.0127106,74113000
2020-11-20,116.0127153,116.1398338,114.6926126,114.7415009,73604300
2020-11-23,114.5850477,115.0153062,111.2310048,111.3287888,127959300
2020-11-24,111.3874758,113.2845096,110.0967,112.6195679,113874200
2020-11-25,112.9911516,114.1645747,112.619562,113.4605179,76499200
2020-11-27,113.9885562,114.888181,113.6463085,114.00811,46691300
2020-11-30,114.3796952,118.291115,114.2232348,116.4136353,169410200
2020-12-01,118.330234,120.7357564,117.352379,120.0023651,127728200
2020-12-02,119.3178617,120.6379718,118.2128882,120.354393,89004200
2020-12-03,120.7846414,121.0388857,119.5036537,120.2174911,78967600
2020-12-04,119.8850181,120.1392625,118.828933,119.5427704,78260400
2020-12-07,119.6014385,121.8113928,119.5427696,121.009552,86712000
2020-12-08,121.6158219,122.212314,120.3641613,121.6255951,82225500
2020-12-09,121.7722846,123.1608369,118.3204576,119.0831833,115089200
2020-12-10,117.8315134,121.1268871,117.4892657,120.5108337,81312200
2020-12-11,119.7187955,120.0414894,117.8804306,119.6992416,86939800
2020-12-14,119.8850241,120.6184154,118.8485002,119.0831833,79184500
2020-12-15,121.5864807,125.0676494,121.381132,125.0480881,157243700
2020-12-16,124.5885087,125.5272412,123.757326,124.9796448,98208600
2020-12-17,126.0455131,126.7104623,125.2045571,125.8499451,94359800
2020-12-18,126.1041795,126.2410786,123.3270676,123.8551102,192541500
2020-12-21,122.2514291,125.4685729,120.716197,125.3903427,121251600
2020-12-22,128.695463,131.4334592,126.7788611,128.9594879,168904800
2020-12-23,129.2333137,129.4973238,127.8838691,128.0598907,88223700
2020-12-24,128.4119161,130.5045251,128.1967869,129.0475159,54930100
2020-12-28,131.022804,134.2986095,130.5534228,133.6630096,124486200
2020-12-29,134.9928875,135.7164906,131.3650388,131.8833008,121047300
2020-12-30,132.5775847,132.9785089,130.445853,130.7587738,96452100
2020-12-31,131.1108202,131.7562082,128.8030815,129.7516022,99116600
2021-01-04,130.5632046,130.651208,123.9529027,126.54422,143301900
2021-01-05,126.0357321,128.8226248,125.5859122,128.1087799,97664900
2021-01-06,124.8916404,128.1478993,123.5813108,123.7964401,155088000
2021-01-07,125.5174759,128.7150661,125.0285484,128.0207825,109578200
2021-01-08,129.4973071,129.69289,127.3460295,129.1257324,105158200
2021-01-11,126.3290973,127.2873911,125.6543749,126.1237411,100384500
2021-01-12,125.6543715,126.8180214,124.0506899,125.947731,91951100
2021-01-13,125.9085589,128.5389903,125.6445489,127.991394,88636800
2021-01-14,127.9034433,128.0990113,125.9086106,126.0552979,90221800
2021-01-15,125.9281597,127.3362732,124.1875791,124.3244781,111598500
2021-01-19,124.9503108,125.8597237,124.1289162,124.9992065,90757300
2021-01-20,125.8108047,129.5559904,125.7032401,129.1061707,104319500
2021-01-21,130.8369826,136.5769858,130.6316265,133.8389893,120150900
2021-01-22,133.2621016,136.7530518,132.0300095,135.9903259,114459400
2021-01-25,139.9017226,141.876979,133.5163157,139.7550354,157611700
2021-01-26,140.4199741,141.1044696,138.2393469,139.9897156,98390600
2021-01-27,140.2537189,141.1044628,137.3006079,138.9140625,140843800
2021-01-28,136.4303491,138.8456524,133.6727905,134.0541534,142621100
2021-01-29,132.8220443,133.7118959,127.326504,129.0377502,177523800
2021-02-01,130.7881013,132.3820096,128.0305431,131.1694641,106239800
2021-02-02,132.7242746,133.2914324,131.6290817,132.0006714,83305400
2021-02-03,132.753565,132.7633531,130.6511831,130.973877,89880900
2021-02-04,133.2816452,134.3572768,131.6095066,134.3475037,84183100
2021-02-05,134.509067,134.5776113,133.0498807,133.9312592,75693800
2021-02-08,133.2163981,134.1271701,132.1293564,134.0782013,71297200
2021-02-09,133.7941914,135.0281395,133.0401286,133.1968079,76774200
2021-02-10,133.6570505,134.1565113,131.6200713,132.5895996,73046600
2021-02-11,133.0890541,133.5689244,131.0031209,132.3349915,64280000
2021-02-12,131.5711309,132.7267168,130.9247786,132.5700226,60145100
2021-02-16,132.6875342,133.1967678,130.043369,130.4351044,80576300
2021-02-17,128.5352666,129.4852046,126.7920847,128.1337433,97918500
2021-02-18,126.5276616,127.3111176,124.774692,127.0271225,96856700
2021-02-19,127.5461416,128.0064214,126.135924,127.1837845,87668800
2021-02-22,125.3622726,127.03691,123.0021242,123.3938522,103916400
2021-02-23,121.2001742,124.089154,115.9412436,123.2567368,158273000
2021-02-24,122.3557703,122.9629416,119.7018243,122.7572861,111039900
2021-02-25,122.1011677,123.8443496,118.0467984,118.4874878,148199500
2021-02-26,120.0543693,122.267626,118.6931204,118.7518845,164560400
2021-03-01,121.190389,125.2839314,120.2502463,125.1468277,116307900
2021-03-02,125.7539868,126.0575724,122.4243105,122.5320358,102260900
2021-03-03,122.228459,123.1098452,119.3198886,119.5353394,112966300
2021-03-04,119.231751,121.0434846,116.1664939,117.645256,178155000
2021-03-05,118.4776753,119.4178179,115.1382035,118.9085693,153766600
2021-03-08,118.4286985,118.4972504,113.8063253,113.9532242,154376600
2021-03-09,116.5680143,119.5353414,116.3329805,118.5854034,129525800
2021-03-10,119.1729895,119.6430571,116.9793158,117.4983597,111943300
2021-03-11,120.0054137,120.6615538,118.7518901,119.4374084,103026500
2021-03-12,117.9096601,118.6637302,116.6953103,118.5266266,88105100
2021-03-15,118.8987849,121.4352103,117.9292565,121.425415,92403800
2021-03-16,123.100041,124.5886057,122.1403153,122.9727325,115227900
2021-03-17,121.4841831,123.2567431,119.8095458,122.1794968,111932600
2021-03-18,120.338379,120.6321769,117.8313318,118.0369873,121229700
2021-03-19,117.4200209,118.9183736,117.2045702,117.5081558,185549500
2021-03-22,117.8411243,121.3079047,117.7725725,120.8378296,111912300
2021-03-23,120.7790776,121.6702515,119.6136889,120.0054169,95467100
2021-03-24,120.2796156,120.3579627,117.5864961,117.6060791,88530500
2021-03-25,117.0674561,119.1436091,116.5386245,118.0957336,98844700
2021-03-26,117.8607216,118.9673539,116.4602989,118.7029343,94071200
2021-03-29,119.1338052,120.0445695,118.2328362,118.8791809,80819200
2021-03-30,117.6256842,117.9096868,116.4015388,117.4200287,85671900
2021-03-31,119.1338236,120.9651402,118.6441655,119.6234818,118323800
2021-04-01,121.1022468,121.6114879,119.9564411,120.4558945,75089100
2021-04-05,121.307903,123.550538,120.524447,123.2959137,88651200
2021-04-06,123.8835128,124.5004794,123.0510955,123.5995102,80171300
2021-04-07,123.2273553,125.2741225,122.5516248,125.2545395,83466700
2021-04-08,126.2828112,127.6930288,125.8617124,127.6636505,88844600
2021-04-09,127.1152302,130.2882048,126.7920541,130.2490387,106686700
2021-04-12,129.7789443,130.1021203,127.9280379,128.5254211,91420000
2021-04-13,129.7006604,131.8747439,129.2011995,131.6494904,91266500
2021-04-14,132.1489162,132.2076728,128.9367606,129.2991028,87222800
2021-04-15,131.052105,132.207691,130.8758203,131.7180328,89347100
2021-04-16,131.5221592,131.8845014,130.5232526,131.3850555,84922400
2021-04-19,130.7485025,132.6679689,130.5820206,132.0509949,94264200
2021-04-20,132.2272785,132.7267244,129.0836669,130.356781,94812300
2021-04-21,129.6223189,130.9835681,128.5842459,130.738739,68847100
2021-04-22,130.2882221,131.3752637,128.6919469,129.2109833,84566500
2021-04-23,129.4264367,132.3252043,129.4264367,131.5417633,78657500
2021-04-26,132.0412123,132.2664509,130.7974765,131.9334869,66905100
2021-04-27,132.2174924,132.6092279,131.3361137,131.610321,66015800
2021-04-28,131.5319283,132.2272493,130.3273739,130.8170319,107760100
2021-04-29,133.6472925,134.2348882,129.7104369,130.7191315,151101000
2021-04-30,129.0542792,130.7974607,128.3589731,128.7409058,109839500
2021-05-03,129.3089106,131.2969363,129.1032626,129.7985687,75135100
2021-05-04,128.4765018,128.7702997,124.0793665,125.2055817,137564700
2021-05-05,126.5276555,127.7518008,125.3231007,125.4504166,84000900
2021-05-06,125.2447621,127.0662911,124.5004797,127.0565033,78128300
2021-05-07,128.3612096,128.7634,127.0172572,127.7333832,78973300
2021-05-10,126.9485842,127.0761014,124.398031,124.4372711,88071200
2021-05-11,121.1509874,123.8682978,120.434869,123.515152,126142800
2021-05-12,121.0528822,122.2692947,119.9247541,120.4348602,112172300
2021-05-13,122.2104361,123.7505738,121.896523,122.5930176,105861300
2021-05-14,123.8486758,125.4574818,123.4562825,125.0258484,81918000
2021-05-17,124.4078432,124.5157516,122.7892252,123.8683014,74244600
2021-05-18,124.1527856,124.5746072,122.406643,122.4753113,63342900
2021-05-19,120.8174692,122.5439882,120.5231723,122.318367,92612000
2021-05-20,122.8480948,125.2907322,122.7205626,124.8885269,76857100
2021-05-21,125.3888296,125.5654063,122.8284719,123.0442886,79295400
2021-05-24,123.6132386,125.5065295,123.5445703,124.6825027,63092900
2021-05-25,125.38882,125.8793173,123.9173505,124.4863205,72009500
2021-05-26,124.5451795,124.967001,124.0154496,124.4372711,56575900
2021-05-27,124.0350652,125.2122377,122.7009323,122.8971252,94625600
2021-05-28,123.1816154,123.407244,122.1810194,122.2398758,71311100
2021-06-01,122.700932,122.9657932,121.5826158,121.9161453,67637100
2021-06-02,121.9161496,122.8578892,121.6905285,122.6813126,59278900
2021-06-03,122.3085553,122.47532,120.7880337,121.190239,76229200
2021-06-04,121.7101465,123.7603979,121.4943298,123.4955292,75169300
2021-06-07,123.7701941,123.9173426,122.4556851,123.5053329,71057600
2021-06-08,124.1920244,126.0166547,123.8094429,124.329361,74403800
2021-06-09,124.7904171,125.320147,124.1135388,124.711937,56877900
2021-06-10,124.6040294,125.7517813,123.5445771,123.7113419,71186400
2021-06-11,124.1233618,125.016057,123.7015403,124.9277649,53522400
2021-06-14,125.3888428,128.0571016,124.6531079,127.9982452,96906500
2021-06-15,127.4685065,128.1159567,126.9289647,127.1742096,62746300
2021-06-16,127.8902857,128.4003992,126.0166263,127.674469,91815000
2021-06-17,127.3311549,130.0288488,127.1839989,129.2832947,96721700
2021-06-18,128.2238368,129.0086084,127.7627752,127.9785919,108953300
2021-06-21,127.8216557,129.8915235,126.7523915,129.7836151,79663300
2021-06-22,129.6168675,131.5297751,129.1165582,131.4316711,74783600
2021-06-23,131.2256429,131.7651847,130.6959056,131.1569672,60214200
2021-06-24,131.8927252,132.0791137,130.4016318,130.8725128,68711000
2021-06-25,130.9215502,131.3433642,130.2839044,130.5782013,70783700
2021-06-28,130.8724632,132.6774617,130.8136068,132.2164001,62111300
2021-06-29,132.2360561,133.8939141,131.7946183,133.7369537,64556100
2021-06-30,133.579983,134.796403,133.2856861,134.3549652,63261400
2021-07-01,134.0018335,134.7179445,133.1777992,134.6590881,52485800
2021-07-02,135.277067,137.3371299,135.1299261,137.2978973,78852600
2021-07-06,137.4058334,140.4272377,137.4058334,139.3187408,108181800
2021-07-07,140.8098285,142.1341572,139.9465765,141.8202515,104911600
2021-07-08,138.8871488,141.319975,137.9944535,140.5155792,105575500
2021-07-09,140.0348477,142.8796828,139.9367438,142.3499603,99890800
2021-07-12,143.4290381,143.5369465,141.2610666,141.7515564,76299700
2021-07-13,141.2905103,144.6552786,140.8981244,142.8698883,100827100
2021-07-14,145.2830937,146.725135,144.8710691,146.3131104,127050800
2021-07-15,146.4014074,147.1469465,144.2922922,145.6558533,106820300
2021-07-16,145.6362411,146.9115026,143.1053119,143.6056061,93251400
2021-07-19,141.015816,141.3297367,138.9753767,139.7405396,121434600
2021-07-20,140.7313404,144.3021056,140.2408506,143.370163,96350000
2021-07-21,142.7619926,143.3505865,141.8791168,142.6344604,74993500
2021-07-22,143.1641543,145.3811626,143.0366221,144.0077972,77338200
2021-07-23,144.7435452,145.8912896,144.1255233,145.7343292,71447400
2021-07-26,145.4498519,146.9801777,144.8906864,146.1561584,72434100
2021-07-27,146.2836713,146.3719709,142.781582,143.9783783,104818600
2021-07-28,142.0556779,144.1745978,139.8288496,142.2224426,118931200
2021-07-29,141.9379605,143.7625835,141.8300522,142.8698883,56699500
2021-07-30,141.6338477,143.546755,141.368979,143.0856934,70440600
2021-08-02,143.5761861,144.1549605,142.487298,142.7521667,62880000
2021-08-03,143.036638,145.2242184,142.418616,144.5571594,64786600
2021-08-04,144.468889,144.9789876,143.4977136,144.1549683,56368300
2021-08-05,144.184383,145.0280261,143.3897919,144.2628632,46397700
2021-08-06,143.7815011,144.5281573,143.0741362,143.5751801,54126800
2021-08-09,143.6341015,144.1253262,142.9660431,143.5260315,48908700
2021-08-10,143.8699012,145.1176162,142.7499094,143.0446472,69023100
2021-08-11,143.4867624,144.1450018,142.9758844,143.3000946,48493500
2021-08-12,143.6242907,146.4340968,143.2804274,146.2769012,72282600
2021-08-13,146.3554464,146.8171987,145.667735,146.4831696,59375000
2021-08-16,145.9330368,148.5365368,143.8993742,148.4677582,103296000
2021-08-17,147.5933685,149.0179172,146.4733768,147.5540771,92229700
2021-08-18,147.1709341,148.0747858,143.5849846,143.7913055,86326000
2021-08-19,142.4846167,145.4024922,141.9639198,144.1253052,86960300
2021-08-20,144.8523505,145.8937446,144.2039303,145.5891876,60549600
2021-08-23,145.7070964,147.5541064,145.2944693,147.0825348,60131800
2021-08-24,146.8270345,148.2122915,146.5322967,146.9940491,48606400
2021-08-25,147.1807437,147.6818025,145.2060258,145.7561951,58991300
2021-08-26,145.7463734,146.5028486,144.9211045,144.9505768,48597200
2021-08-27,144.8916507,146.1393658,144.2530645,145.9920044,55802400
2021-08-30,146.3849461,150.7961489,146.0017915,150.4326324,90956700
2021-08-31,149.9807179,150.1182603,148.6347522,149.1652832,86453100
2021-09-01,150.1477498,152.2600101,149.6663442,149.8333588,80313700
2021-09-02,151.169494,152.004582,149.7252921,150.9533539,71115500
2021-09-03,151.0614184,151.9161596,150.4031791,151.5919495,57808700
2021-09-07,152.2501731,154.4999755,151.6803507,153.9399872,82278300
2021-09-08,154.2249014,154.283846,151.2775532,152.3877258,74420200
2021-09-09,152.7610584,153.3701722,151.2480779,151.3659821,57305700
2021-09-10,152.2796684,152.7512399,146.0902337,146.3554993,140893200
2021-09-13,147.9863707,148.7624992,146.1393609,146.9253235,102404300
2021-09-14,147.711274,148.4186387,144.3316456,145.520401,109296300
2021-09-15,145.9526611,146.8172213,143.8010948,146.4144135,83281300
2021-09-16,145.8347864,146.3554833,144.6361969,146.1786346,68034100
2021-09-17,146.2081213,146.2081213,143.2018137,143.4965515,129868800
2021-09-20,141.2762273,142.2979681,138.7906315,140.4313202,123478900
2021-09-21,141.4039291,142.0621834,140.2741184,140.9127045,75834000
2021-09-22,141.9147843,143.8600295,141.1779474,143.2902222,76404300
2021-09-23,144.0762488,144.49871,143.0839799,144.2530975,64838200
2021-09-24,143.1035804,144.8818113,143.0053294,144.3414612,53477900
2021-09-27,142.9169002,143.3983058,141.2958649,142.8186493,74150700
2021-09-28,140.7359125,142.209587,139.2032935,139.4194336,108972300
2021-09-29,139.9695598,141.9148053,139.5372797,140.3232422,74602000
2021-09-30,141.1387115,141.8460764,138.8004767,139.0166168,89056700
2021-10-01,139.4095862,140.4116889,136.6685585,140.1464233,94639600
2021-10-04,139.2720105,139.7141247,135.8432719,136.697998,98322000
2021-10-05,137.0418447,139.74358,136.9141215,138.6334076,80861100
2021-10-06,137.0222018,139.6551586,135.9415016,139.5077972,83221100
2021-10-07,140.5492026,141.6888474,140.2151734,140.7751617,61732700
2021-10-08,141.5021862,141.6495476,140.0579844,140.3920135,58773200
2021-10-11,139.773088,142.268503,139.3211547,140.3036041,64452200
2021-10-12,140.7162272,140.7358804,138.5646605,139.026413,73035900
2021-10-13,138.7611761,138.9183566,136.7569707,138.4369659,78762700
2021-10-14,139.6158726,141.3548121,139.026397,141.236908,69907100
2021-10-15,141.2467605,142.3569182,140.9913141,142.2979736,67940300
2021-10-18,140.9323522,144.2628548,140.6474484,143.977951,85589200
2021-10-19,144.4298985,146.5519931,143.9779801,146.1491852,76378900
2021-10-20,146.090242,147.121817,145.5204195,146.6404114,58418800
2021-10-21,146.1983127,147.0137476,145.2748078,146.8565521,61421000
2021-10-22,147.0628633,147.5442539,146.0312883,146.0804138,58883400
2021-10-25,146.0705566,146.7484491,145.0291628,146.0312653,50720600
2021-10-26,146.7091904,148.1926838,146.3947994,146.6993713,60893400
2021-10-27,146.7386384,147.1021399,145.8839122,146.2375946,56094900
2021-10-28,147.1905977,150.4817947,147.0923468,149.892334,100077900
2021-10-29,144.6362076,147.3084713,143.840426,147.170929,124953200
2021-11-01,146.3751602,147.0726909,145.2060428,146.3456879,74588300
2021-11-02,146.050953,148.9098848,146.0411189,147.387085,69122000
2021-11-03,147.750568,149.3028398,147.1905796,148.8312683,54511500
2021-11-04,148.9196913,149.7547643,147.9961864,148.3105774,60394600
2021-11-05,149.4420273,149.7470287,147.6415191,148.8418579,65463900
2021-11-08,148.9697487,149.1271736,147.7398948,148.0153809,55020900
2021-11-09,147.7792861,148.9894585,147.641543,148.3794556,56787900
2021-11-10,147.6021871,147.7104149,145.467162,145.536026,65187100
2021-11-11,146.5592452,147.0216565,145.2998609,145.4868011,41000000
2021-11-12,146.0377918,147.9760431,145.1031056,147.5726624,63804000
2021-11-15,147.946521,149.4321943,147.0216683,147.582489,59222800
2021-11-16,147.523477,149.0484993,146.933141,148.566391,59256200
2021-11-17,148.5663758,152.501909,148.5565424,151.0162506,88807000
2021-11-18,151.2326951,156.1127474,150.5833285,155.3256378,137827700
2021-11-19,155.1091929,158.4248897,154.0072484,157.9624634,117305600
2021-11-22,159.0742325,163.0294473,158.4051991,158.424881,117467900
2021-11-23,158.5232897,159.1923382,156.4964923,158.8086243,96041900
2021-11-24,158.1592545,159.5268518,157.0671433,159.3300781,69463600
2021-11-26,156.998273,157.8640801,153.8400009,154.2827454,76959800
2021-11-29,156.8014516,158.5921262,156.2307976,157.6574402,88748200
2021-11-30,157.411507,162.8523808,157.3426279,162.6359253,174048100
2021-12-01,164.7807405,167.5552981,161.8782883,162.1144257,152052500
2021-12-02,156.1816293,161.5536233,155.2567766,161.1207123,136739200
2021-12-03,161.3765477,162.3014004,157.1458463,159.2316742,118023100
2021-12-06,161.6421651,165.1743172,161.6323317,162.6555786,107497000
2021-12-07,166.3549664,168.8146743,165.6268875,168.4211121,120405400
2021-12-08,169.3558479,173.1241229,167.9488869,172.2583008,116998900
2021-12-09,172.0910235,173.9013651,171.1169736,171.7466583,108923700
2021-12-10,172.3862056,176.7349681,171.8745821,176.5578613,115402700
2021-12-13,178.2009199,179.1946516,172.7010165,172.9076385,153237000
2021-12-14,172.4255259,174.8754004,169.4345277,171.5203552,139380400
2021-12-15,172.2878198,176.6070673,169.5329433,176.4102936,131063300
2021-12-16,176.3905833,178.2206067,167.9980606,169.4837189,150185800
2021-12-17,167.1912696,170.6742246,166.9551472,168.3817749,195432700
2021-12-20,165.567881,167.8308156,164.7611045,167.0141907,107499100
2021-12-21,168.7950348,170.408603,166.3943569,170.2019958,91185900
2021-12-22,170.2511625,173.0257207,169.375507,172.8092651,92135300
2021-12-23,173.0159022,173.9997856,172.445248,173.4389648,68356600
2021-12-27,174.2359182,177.512252,174.2162514,177.4237061,74919600
2021-12-28,177.2564404,178.4075822,175.6527057,176.4004517,79144300
2021-12-29,176.4397555,177.7188065,175.2689322,176.4889526,62348900
2021-12-30,176.5775236,177.6598011,175.2197599,175.3279877,59773000
2021-12-31,175.2197536,176.3413798,174.4031287,174.7081451,64062300
2022-01-03,174.9639591,179.9325725,174.8458979,179.0765839,104487900
2022-01-04,179.686619,179.9916204,176.2331789,176.803833,99310400
2022-01-05,176.7152756,177.2662478,171.8253745,172.1008606,94537600
2022-01-06,169.9166205,172.4747227,168.8737067,169.2279053,96904000
2022-01-07,170.1035539,171.3334078,168.2735307,169.3951569,86709100
2022-01-10,166.3549785,169.7198574,165.4596412,169.414856,106765600
2022-01-11,169.5427881,172.3566801,168.0669631,172.2583008,76138300
2022-01-12,173.2815374,174.3244514,172.002501,172.7010498,74805200
2022-01-13,172.9469932,173.7734515,169.0212937,169.414856,84505800
2022-01-14,168.5785868,170.9792648,168.3326159,170.2807159,80440800
2022-01-18,168.7458016,169.7592001,166.6796559,167.0633698,90956700
2022-01-19,167.2601785,168.3227743,163.2656143,163.5509338,94815000
2022-01-20,164.2888201,166.9453019,161.533944,161.8586273,91420500
2022-01-21,161.7700804,163.649301,159.6842527,159.7924805,122848900
2022-01-24,157.441039,159.6842921,152.2067716,159.0152435,162294600
2022-01-25,156.4177549,160.1368324,154.4893521,157.2048645,115798400
2022-01-26,160.8649261,161.7405817,155.276476,157.116333,108275300
2022-01-27,159.831839,161.1994362,155.7290474,156.6539001,121954600
2022-01-28,163.0393178,167.604536,160.1762136,167.5848541,179935700
2022-01-31,167.4175835,172.179575,166.7780504,171.9631195,115541600
2022-02-01,171.2055471,172.0221722,169.5329483,171.7958832,86213900
2022-02-02,171.9335981,173.045391,170.5364857,173.0060272,84914300
2022-02-03,171.6679406,173.3995847,169.3459756,170.1134033,89418100
2022-02-04,169.1282897,171.5123342,168.1431529,169.8277435,82465400
2022-02-07,170.290758,171.3645536,168.409143,169.1085968,77251200
2022-02-08,169.1775456,172.7437512,168.8820015,172.2314758,74829200
2022-02-09,173.4333653,174.0244385,172.3004488,173.6599426,71285000
2022-02-10,171.5517176,172.8717972,169.0002169,169.5617371,90865900
2022-02-11,169.7686414,170.5074941,165.5423957,166.1334839,98670700
2022-02-14,164.8823374,167.0594963,164.084379,166.3699036,86185500
2022-02-15,168.4288453,170.379412,167.7195456,170.2217865,62527400
2022-02-16,169.295774,170.7636183,167.5225247,169.9853668,61177400
2022-02-17,168.4879416,169.3548668,165.9659939,166.3699036,69589300
2022-02-18,167.2959184,168.005203,163.7198674,164.8133698,82772700
2022-02-22,162.5278644,164.2124549,159.7399255,161.8776855,91162800
2022-02-23,163.0795415,163.6804755,157.3756059,157.6908569,90009200
2022-02-24,150.3121593,160.4295174,149.7407782,160.3211517,141147500
2022-02-25,161.404813,162.6657869,158.4789554,162.3998108,91974200
2022-02-28,160.6364073,162.9613308,160.0157663,162.6657867,95056600
2022-03-01,162.2520123,164.1237811,159.5625933,160.7743073,83474400
2022-03-02,161.9466511,164.8725089,160.5280516,164.0843964,79724800
2022-03-03,165.9660045,166.3994671,163.0894068,163.7592926,76678400
2022-03-04,162.045154,163.0893966,159.6906777,160.7447662,83737200
2022-03-07,160.9319498,162.5672805,156.6761516,156.9322968,96418800
2022-03-08,156.4594079,160.4590603,153.4842911,155.0999146,131148300
2022-03-09,159.079863,160.9811846,157.040638,160.5280151,91454900
2022-03-10,157.8189019,158.0060803,153.6616237,156.1638794,105342000
2022-03-11,156.5677777,156.9125816,152.2036291,152.4302063,96970100
2022-03-14,149.1989826,151.8292963,147.8690568,148.3813171,108732100
2022-03-15,148.6571406,153.2577428,148.1448803,152.7848663,92964300
2022-03-16,154.715731,157.6218815,152.1642304,157.2179718,102300200
2022-03-17,156.2525465,158.6070228,155.2871166,158.232666,75615400
2022-03-18,158.1243137,162.0353083,157.3854611,161.5427399,123511700
2022-03-21,161.079735,163.8775353,160.5871665,162.9219513,95811400
2022-03-22,163.0499758,166.901864,162.4589028,166.310791,81532000
2022-03-23,165.4931403,170.0740205,165.1581824,167.6801453,98062700
2022-03-24,168.5175014,171.5517246,167.6801441,171.4827728,90131400
2022-03-25,171.2955966,172.6747821,170.1823872,172.1231079,80546200
2022-03-28,169.6109789,173.118063,169.4435075,172.9900055,90371900
2022-03-29,174.0638298,176.3493394,173.7190259,176.3000946,100589400
2022-03-30,175.8961826,176.9404252,174.0736735,175.1277771,92633200
2022-03-31,175.1967277,175.3839061,171.8078546,172.01474,103049300
2022-04-01,171.4433706,172.280743,169.3844382,171.7192078,78751300
2022-04-04,171.9753218,175.8370559,171.8472492,175.787796,76468400
2022-04-05,174.8617744,175.6498868,171.8275514,172.4580383,73401800
2022-04-06,169.7981833,171.0493113,167.6013324,169.276062,89058800
2022-04-07,168.6160215,170.7833195,167.3254947,169.5814514,77594700
2022-04-08,169.2268038,169.2268038,166.685149,167.5619202,76575500
2022-04-11,166.2024187,166.5176546,163.0401233,163.2864075,72246700
2022-04-12,165.5226949,167.345189,164.1632013,165.168045,79265200
2022-04-13,164.9020681,168.4978119,164.291288,167.8673248,70618900
2022-04-14,168.0840486,168.7243965,162.586983,162.8332672,75329400
2022-04-18,161.4836151,164.1237894,161.1388262,162.6165314,69023900
2022-04-19,162.5672954,165.3256817,161.4737929,164.911911,67723800
2022-04-20,166.2516887,166.3699154,163.6312361,164.7444305,67929800
2022-04-21,166.3994838,168.9805378,163.444073,163.9464874,87227800
2022-04-22,163.985871,165.3749024,159.0995861,159.3852692,84882400
2022-04-25,158.7252558,160.7447895,156.1048031,160.4591064,96046400
2022-04-26,159.8384444,159.9271031,154.3906392,154.4694519,95623200
2022-04-27,153.5926803,157.4150008,153.070559,154.2428741,88063200
2022-04-28,156.883044,162.0747194,156.567793,161.2077942,130216800
2022-04-29,159.434534,163.729731,154.9127598,155.3068085,131747600
2022-05-02,154.3807922,155.8781892,150.9919192,155.6122131,123055300
2022-05-03,155.7993853,158.3213483,153.9965981,157.1096191,88966500
2022-05-04,157.2967893,164.0055684,156.8928796,163.5524139,108256500
2022-05-05,161.4146658,161.641243,152.6469395,154.4398956,130525300
2022-05-06,153.9169863,157.3009777,152.1115355,155.1699524,116124600
2022-05-09,152.8514808,153.7394156,149.4576439,150.019989,131577900
2022-05-10,153.4335782,154.6372121,150.8783137,152.4371185,115366700
2022-05-11,151.4406814,153.3645176,143.8538461,144.5345917,142689800
2022-05-12,140.8546503,144.2386273,136.9379092,140.6474609,182602000
2022-05-13,142.650187,146.1131067,141.1900468,145.1363831,113990900
2022-05-16,143.5973541,145.5409265,142.2457233,143.5874786,86643800
2022-05-17,146.8629471,147.7607425,144.7121854,147.237854,78336300
2022-05-18,144.8799032,145.3830558,138.0231306,138.9308014,109742900
2022-05-19,138.0034117,139.7595305,134.7674165,135.5073547,136095600
2022-05-20,137.2239709,138.8123718,130.8309105,135.7440948,137426100
2022-05-23,135.9414284,141.3380451,135.8033072,141.1900635,117726300
2022-05-24,138.9209191,140.0653604,135.4876103,138.4769592,104132700
2022-05-25,136.5728541,139.8877779,136.4840651,138.6348267,92482700
2022-05-26,135.5468018,142.403559,135.3001558,141.8510742,90601500
2022-05-27,143.4394638,147.671903,143.3112031,147.6324463,90978500
2022-05-31,147.0701106,148.6387759,144.8700171,146.8431854,103718400
2022-06-01,147.8889732,149.7042996,145.6987549,146.7149506,74286600
2022-06-02,145.8467671,149.2406197,144.889779,149.181427,72348100
2022-06-03,144.9292083,145.9848606,142.5219556,143.4296112,88570300
2022-06-06,145.0574875,146.5768358,142.9560582,144.1794281,71598400
2022-06-07,142.4134426,147.0010534,142.1667966,146.7149506,67808200
2022-06-08,146.5866682,147.859355,145.4816988,145.9749908,53950200
2022-06-09,145.1068317,145.9651553,140.6178698,140.7263947,69473000
2022-06-10,138.3980483,138.8716046,135.2212456,135.2903137,91437900
2022-06-13,131.0874418,133.3861848,129.6766336,130.110733,122207100
2022-06-14,131.3439893,132.0937881,129.716116,130.9789429,84784300
2022-06-15,132.4883624,135.4974467,130.3869487,133.6130676,91533000
2022-06-16,130.3080441,130.6138828,127.3088197,128.3151398,108123900
2022-06-17,128.3249975,131.2946102,128.068476,129.7949982,134520300
2022-06-21,131.630082,135.2212485,131.5314326,134.0472107,81000500
2022-06-22,132.9816647,135.9118207,132.1134809,133.5341644,73409200
2022-06-23,134.9844644,136.7307077,133.8104267,136.4150085,72433800
2022-06-24,138.0231086,140.0061522,137.8948629,139.7595062,89116800
2022-06-27,140.7855471,141.5649569,139.0787608,139.7595062,70207900
2022-06-28,140.2232125,141.4958995,135.4777451,135.5961304,67083400
2022-06-29,135.6158934,138.7828207,134.8364833,137.3621368,66242400
2022-06-30,135.408707,136.5136767,131.9753976,134.8858185,98964500
2022-07-01,134.2149338,137.174687,133.840042,137.0661621,71051600
2022-07-05,135.9217106,139.7101904,135.0929685,139.6608582,73353800
2022-07-06,139.4536648,142.1864919,139.1872829,141.002594,74064300
2022-07-07,141.3676515,144.5839258,141.357791,144.3866119,66253700
2022-07-08,143.3112033,145.5704893,143.0546968,145.0673218,64547800
2022-07-11,143.715723,144.6727109,141.8510794,142.9264526,63141600
2022-07-12,143.8045185,146.4584326,143.1040521,143.903183,77588800
2022-07-13,141.0716714,144.4852441,140.2133329,143.5381317,71185600
2022-07-14,142.1470456,146.9517056,141.328179,146.4781494,78140700
2022-07-15,147.7705825,148.8360952,146.2117776,148.1553497,76259900
2022-07-18,148.7177168,149.5365835,144.7319079,145.0969543,81420900
2022-07-19,145.9355166,149.2011075,144.9390721,148.9741974,82982400
2022-07-20,149.092622,151.6577474,148.3526838,150.9868622,64823400
2022-07-21,152.4272665,153.4829189,149.9016132,153.2658691,65086600
2022-07-22,153.3053287,154.1833881,151.351896,152.0227661,66675400
2022-07-25,151.9438329,152.9600135,150.2370464,150.898056,53623900
2022-07-26,150.2173269,151.0361937,148.7769221,149.5661926,55138700
2022-07-27,150.5330274,155.2193026,150.1186638,154.6865387,78620700
2022-07-28,154.8739825,155.5251317,152.338469,155.2390289,81378700
2022-07-29,159.0768371,161.4347727,157.3601753,160.3297882,101786900
2022-08-01,158.849939,161.3953284,158.7315537,159.3432312,67829400
2022-08-02,157.9521463,160.2311535,157.4884505,157.8633423,59907000
2022-08-03,158.6822208,164.3550807,158.5934318,163.9012604,82507500
2022-08-04,163.7828241,164.9470012,162.2240194,163.5855103,55474100
2022-08-05,161.2440695,163.8522689,161.0365924,163.3582916,56697000
2022-08-08,164.3659956,165.7886525,162.222136,162.8840637,60276900
2022-08-09,162.0443337,163.8226552,161.2836044,162.9334869,63135500
2022-08-10,165.6602247,167.300233,164.8896212,167.2014465,70170500
2022-08-11,168.0115761,168.9303818,166.1641056,166.460495,57149200
2022-08-12,167.7744575,170.0961418,167.3595033,170.0269928,68039400
2022-08-15,169.4539841,171.3014545,169.2860337,171.1038666,54091700
2022-08-16,170.6987969,171.6176025,169.5922925,170.9457855,56377100
2022-08-17,170.6889213,174.0281976,170.4913334,172.4474792,79542000
2022-08-18,171.6571313,172.7932732,171.034715,172.0523071,62290100
2022-08-19,170.9458009,171.6472554,169.2465176,169.4539948,70346300
2022-08-22,167.6460184,167.8139688,165.1267311,165.5515594,69026800
2022-08-23,165.0674653,166.6778362,164.642637,165.2156525,54147100
2022-08-24,165.3045467,166.0850241,164.2474282,165.5120087,53841500
2022-08-25,166.7469751,168.0905939,166.3221619,167.9819183,51218200
2022-08-26,168.5154206,168.9896345,161.5898493,161.6491241,78961000
2022-08-29,159.2089015,160.9378223,157.894935,159.436142,73314000
2022-08-30,160.1770798,160.601893,155.8201965,156.9958649,77906200
2022-08-31,158.3790092,158.6457612,155.2471947,155.3262329,87991100
2022-09-01,154.7532047,156.5117627,152.806933,156.057312,74229900
2022-09-02,157.825756,158.428409,153.103334,153.9332123,76957800
2022-09-06,154.5852592,155.1977863,151.8387466,152.6686249,73714800
2022-09-07,152.9551229,154.7828296,151.7596913,154.0813904,87449600
2022-09-08,152.7772966,154.4765797,150.840899,152.599472,84923800
2022-09-09,153.5973184,155.9190179,152.8859898,155.4744263,68028800
2022-09-12,157.6676685,162.2814146,157.3811683,161.4614105,104956000
2022-09-13,157.9739571,158.6062475,151.5226138,151.9869537,122656600
2022-09-14,152.9254988,155.2076868,151.7597196,153.4392395,87965400
2022-09-15,152.7871882,153.3700929,149.5565872,150.5346527,90481100
2022-09-16,149.3886168,149.5269299,146.5828144,148.8847504,162278800
2022-09-19,147.5115231,152.6982856,147.3040611,152.6192474,81474200
2022-09-20,151.5522297,156.1758651,151.2360921,155.0100708,107689800
2022-09-21,155.4447996,156.8279454,151.7498585,151.8684082,101696800
2022-09-22,150.5445432,152.6093649,149.0922486,150.9002075,86652500
2022-09-23,149.3688667,149.6454928,146.7705411,148.6180115,96029900
2022-09-26,147.8573034,151.9177978,147.8375401,148.9539337,93339400
2022-09-27,150.9001673,152.8563128,148.1437659,149.9319611,84442700
2022-09-28,145.8616134,148.8254772,143.0953376,148.0351105,146691400
2022-09-29,144.3401536,144.9526805,138.9854271,140.7637482,128138200
2022-09-30,139.5782105,141.3762949,136.337721,136.5353088,124925300
2022-10-03,136.5452278,141.3466883,136.0314871,140.7341461,114311700
2022-10-04,143.2830456,144.4587139,142.5223164,144.3401642,87830100
2022-10-05,142.3346149,145.6047419,141.2873704,144.6365356,79471000
2022-10-06,144.0536502,145.7628074,143.4707606,143.6782227,68402200
2022-10-07,140.8230587,141.376326,137.7702822,138.4025726,85925600
2022-10-10,138.7286072,140.1809019,136.9008999,138.7286072,74899000
2022-10-11,138.2148552,139.6474016,136.5550986,137.3059387,77033700
2022-10-12,137.4541376,138.6693177,136.4958204,136.673645,70433700
2022-10-13,133.3639876,141.8603876,132.7514456,141.2676239,113224000
2022-10-14,142.571713,142.7791901,136.5254363,136.71315,88598000
2022-10-17,139.3707551,141.1786987,138.5803885,140.6946106,85250900
2022-10-18,143.7375249,144.9329415,138.9163015,142.0184784,99136600
2022-10-19,139.9832918,143.2040184,139.795578,142.1271515,61758300
2022-10-20,141.2972729,144.1326978,140.9317194,141.6628113,64522000
2022-10-21,141.1490692,146.069094,140.931718,145.4960785,86548600
2022-10-24,145.4170388,148.4204142,144.2413705,147.6498108,75981900
2022-10-25,148.282122,150.6532224,147.5609193,150.5050201,74732300
2022-10-26,149.1416483,150.1592405,146.2568073,147.5510406,88194300
2022-10-27,146.2864477,147.254639,142.3939041,143.0558319,109180200
2022-10-28,146.4148876,155.6028696,146.0394751,153.8640747,164762400
2022-10-31,151.3151106,152.3821033,150.0900416,151.4929352,97943200
2022-11-01,153.2120045,153.5775429,147.3336775,148.8353577,80379300
2022-11-02,147.1558307,150.3370456,143.2534131,143.2830505,93604600
2022-11-03,140.3488264,141.0799182,137.0786991,137.2071381,97918500
2022-11-04,140.6113245,141.1852905,132.9815678,136.9399414,140814800
2022-11-07,135.6831577,137.7019217,134.2581408,137.4743195,83374600
2022-11-08,138.9488278,139.9582023,136.0592166,138.0482941,89908500
2022-11-09,137.0587215,137.1082042,133.1894067,133.4664917,74917800
2022-11-10,139.7702118,145.3416138,138.0483134,145.3416138,118854000
2022-11-11,144.3025233,148.4489072,142.8676007,148.1421356,93979700
2022-11-14,147.4197451,148.7161102,145.8957627,146.7369232,73374100
2022-11-15,150.6359444,151.9916829,147.0140281,148.4786224,89868300
2022-11-16,147.5780809,148.3103704,145.7572174,147.2416077,64218300
2022-11-17,144.9061704,149.9036207,144.6290854,149.151535,80389400
2022-11-18,150.724981,151.1109219,148.4093359,149.7155914,74829600
2022-11-21,148.5973461,148.8051523,146.1827359,146.4697113,58724100
2022-11-22,146.5884872,148.8546496,145.4009629,148.6171417,51804100
2022-11-23,147.8947577,150.2499952,147.7859018,149.4979095,58301400
2022-11-25,146.7666107,147.3306863,145.5889921,146.5686951,35195900
2022-11-28,143.6296015,145.1139917,141.8879223,142.7191772,69246000
2022-11-29,142.7884394,143.3030322,138.8894537,139.7009125,83763800
2022-11-30,139.928537,147.1723698,139.0873914,146.4895477,111380900
2022-12-01,146.6676665,147.5780908,145.0843108,146.7666168,71250400
2022-12-02,144.4410811,146.4598453,144.1342944,146.2718201,65447400
2022-12-05,146.2322468,149.3494605,144.2530596,145.1041107,68826400
2022-12-06,145.5395025,145.7671048,140.4430877,141.4227905,64727200
2022-12-07,140.7102889,141.8780018,138.5430769,139.4732971,69721100
2022-12-08,140.8785518,142.0264841,139.6316693,141.1655273,62128300
2022-12-09,140.8587379,144.0551358,139.4337208,140.6806183,76097000
2022-12-12,141.214978,142.9962491,139.5920454,142.9863586,70462700
2022-12-13,147.9442219,148.4093321,142.7389658,143.9561615,93886200
2022-12-14,143.8374101,145.1337751,139.6910112,141.7196808,82291200
2022-12-15,139.6415402,140.3243622,134.6144034,135.0795135,98931900
2022-12-16,135.2675514,136.2175528,132.3383477,133.1102295,160156900
2022-12-19,133.7039844,133.7930442,129.9534315,130.9924927,79592600
2022-12-20,130.0226841,131.8633285,128.5382939,130.9232178,77432800
2022-12-21,131.5961387,135.3862835,131.3685364,134.0404358,85928000
2022-12-22,132.9518913,133.1596975,128.9440347,130.8539429,77852100
2022-12-23,129.5575576,131.0419476,128.2908793,130.4877777,63814900
2022-12-27,130.0127759,130.0424625,127.380454,128.6768188,69007800
2022-12-28,128.3205925,129.6664403,124.5601416,124.7283707,85438400
2022-12-29,126.658071,129.1221567,126.4007821,128.2612152,75703700
2022-12-30,127.0737096,128.597677,126.1039046,128.5778809,77034200
2023-01-03,128.9242445,129.5377877,122.8778274,123.7684631,112117500
2023-01-04,125.5695197,127.3211044,123.7783578,125.0450363,89113600
2023-01-05,125.8070218,126.4403611,123.46169,123.7189789,80962700
2023-01-06,124.6986774,128.9341287,123.5903299,128.2711029,87754700
2023-01-09,129.1122704,132.0216779,128.5383044,128.7955933,70790800
2023-01-10,128.9044577,129.8940513,126.786728,129.3695679,63896200
2023-01-11,129.8841654,132.1206416,129.1023931,132.1008606,69458900
2023-01-12,132.4867929,132.8628282,130.0721822,132.0216827,71379600
2023-01-13,130.6560191,133.5159436,130.2898744,133.357605,57809700
2023-01-17,133.4268954,135.861287,132.734183,134.5253448,63646600
2023-01-18,135.3961633,137.1675287,133.6247828,133.8029175,69672800
2023-01-19,132.6847012,134.8321174,132.3779297,133.8623199,58280400
2023-01-20,133.8722283,136.5837203,132.8232614,136.4352722,80223600
2023-01-23,136.6826356,141.8285333,136.4649238,139.6415253,81760300
2023-01-24,138.8498543,141.6702016,138.8399638,141.0467529,66435100
2023-01-25,139.4238363,140.9478038,137.3654799,140.3837433,65799300
2023-01-26,141.6801114,142.7488743,140.4233233,142.4618988,54105100
2023-01-27,141.6702137,145.6978516,141.5910444,144.411377,70555800
2023-01-30,143.4514967,144.0353533,141.3634536,141.5118866,64015300
2023-01-31,141.2149869,142.8379196,140.7993594,142.7884369,65874500
2023-02-01,142.4717821,145.0843084,139.8493653,143.9165802,77663600
2023-02-02,147.3504707,149.6067427,146.6280716,149.2505035,118339000
2023-02-03,146.4895401,155.7422463,146.2916244,152.8922119,154357300
2023-02-06,150.9822862,151.5067696,149.2109054,150.1510162,69858300
2023-02-07,149.0723398,153.6145696,149.0723398,153.0406036,83322600
2023-02-08,152.2786448,152.9713572,149.5968399,150.339035,64120100
2023-02-09,152.1796934,152.7239728,148.8546585,149.2999725,56007100
2023-02-10,148.130472,149.993738,147.8926015,149.6666718,57450700
2023-02-13,149.607233,152.8877867,149.577501,152.4814453,62199000
2023-02-14,150.7667942,152.4021255,149.5180081,151.8371887,61707600
2023-02-15,151.7479893,154.1167281,151.5200395,153.9482422,65573800
2023-02-16,152.1444336,154.9393554,151.9858684,152.3426666,68167900
2023-02-17,150.9947753,151.6389872,149.5081186,151.1929932,59144100
2023-02-21,148.8638805,149.9541014,147.0898102,147.1591797,58867200
2023-02-22,147.5457203,148.6161149,145.8509401,147.5853729,51011300
2023-02-23,148.7548636,149.0026398,145.930225,148.0709991,48394200
2023-02-24,145.8013735,145.8806636,144.4237389,145.4049377,55469600
2023-02-27,146.396033,147.843037,146.1383362,146.6041565,44998500
2023-02-28,145.7418957,147.7538363,145.5238515,146.0986938,50547000
2023-03-01,145.5238473,145.920283,143.7200302,144.0173645,55479000
2023-03-02,143.0956568,145.4049318,142.6199158,144.6120453,52238100
2023-03-03,146.7231153,149.7658136,146.0194395,149.6865234,70732300
2023-03-06,152.4219562,154.9096382,152.0949051,152.4616089,87558000
2023-03-07,152.3327445,152.6598108,149.785614,150.2514343,56182000
2023-03-08,151.450668,152.1048006,150.4793899,151.5101318,47204800
2023-03-09,152.1939933,153.1652714,148.8936138,149.250412,53833600
2023-03-10,148.8737806,149.5972825,146.2969034,147.1789856,68572400
2023-03-13,146.4951436,151.777732,146.3861215,149.131485,84457100
2023-03-14,149.934291,152.0354277,148.7647949,151.2326355,73695900
2023-03-15,149.8450831,151.8867558,148.5863762,151.6290741,77167900
2023-03-16,150.8064604,155.0682126,150.2910818,154.4636383,76161100
2023-03-17,154.6915953,155.3457279,152.9076041,153.6212006,98944600
2023-03-20,153.6905721,156.4161093,152.7787427,155.9998322,73641400
2023-03-21,155.9205722,157.9820564,155.1474968,157.8631287,73938300
2023-03-22,157.8829348,160.6976677,156.4061838,156.4260101,75701800
2023-03-23,157.4171187,160.112924,156.2773396,157.5162201,67622100
2023-03-24,157.4468588,158.9136892,156.4458487,158.8244934,59196500
2023-03-27,158.5172463,159.3398648,156.4656528,156.8720093,52390300
2023-03-28,156.5647498,157.0801282,154.5924467,156.2475891,45992200
2023-03-29,157.9522886,159.6173517,157.9324774,159.3398438,51305700
2023-03-30,160.093092,161.0247325,159.8354103,160.9157104,49501700
2023-03-31,160.9949972,163.532222,160.4697131,163.4331055,68749800
2023-04-03,162.8087561,164.8107765,162.7591978,164.6918488,56976200
2023-04-04,165.1179886,165.355844,163.6412377,164.1566162,46278300
2023-04-05,163.2745464,163.5817863,160.360697,162.3032532,51511700
2023-04-06,160.9851079,163.4926164,160.5589402,163.195282,45390100
2023-04-10,159.984064,160.5886383,158.6559878,160.5886383,47716900
2023-04-11,160.9058287,160.9157343,159.0821849,159.3696136,47644200
2023-04-12,159.7858592,160.6183833,158.3586663,158.675827,50133100
2023-04-13,160.1922016,164.325105,159.9840631,164.0872345,68445600
2023-04-14,163.1258767,164.8404982,162.3627371,163.7403717,49386500
2023-04-17,163.6214236,163.9187579,162.5708553,163.7601776,41516200
2023-04-18,164.6224624,165.9208069,164.1764533,164.9891663,49923000
2023-04-19,164.3251319,166.6641392,164.067435,166.138855,47720200
2023-04-20,164.6125255,166.3766901,164.0872413,165.1675415,52456400
2023-04-21,163.5817949,164.9693351,163.0267788,163.552063,58337300
2023-04-24,163.5322324,164.1269011,162.4321059,163.8592987,41949600
2023-04-25,163.7205532,164.8305854,162.273534,162.3131866,48714100
2023-04-26,161.6094831,163.8097361,161.3518014,162.3032532,45498800
2023-04-27,163.7205533,167.0605706,163.7205533,166.911911,64902300
2023-04-28,166.9911917,168.3390943,166.3866174,168.1705933,55209200
2023-05-01,167.7741809,168.9337714,167.1398746,168.0814209,52472900
2023-05-02,168.5769405,168.8346373,166.0496213,167.0407257,48425700
2023-05-03,167.9922011,169.3995675,165.6730203,165.960434,65136000
2023-05-04,163.4232128,165.5540814,162.8483704,164.3152008,81235400
2023-05-05,169.459029,172.749503,169.2409849,172.026001,113316400
2023-05-08,170.9456885,172.3035119,170.5789847,171.9566193,55962800
2023-05-09,171.5106168,171.9962483,170.0735185,170.2420044,45326900
2023-05-10,171.4809082,172.4819184,170.3708609,172.016098,53724500
2023-05-11,172.3035232,173.0369309,170.6384598,172.2044067,49514700
2023-05-12,172.3135714,172.750263,169.7132908,171.2714844,45497800
2023-05-15,171.8570479,171.9066747,170.179762,170.7752533,37266700
2023-05-16,170.6958534,171.8371941,170.5072807,170.7752533,42110300
2023-05-17,170.4179576,171.6287636,169.1376558,171.3905792,57951600
2023-05-18,171.698241,173.9213913,171.2814032,173.7328186,65496700
2023-05-19,175.0627357,175.0627357,173.6236494,173.8419952,55772400
2023-05-22,172.6708601,173.3953781,172.1448494,172.8892059,43570900
2023-05-23,171.8272671,172.0753859,169.9911816,170.2690735,50747300
2023-05-24,169.8025948,171.1225888,169.2368918,170.5469513,45143500
2023-05-25,171.1126712,172.5914497,170.3980878,171.6883087,56058300
2023-05-26,172.0158161,174.4473774,171.8073896,174.1099243,54835000
2023-05-30,175.6284281,177.6431517,175.2413634,175.9658661,55964400
2023-05-31,175.9956596,178.0004641,175.4299414,175.9162598,99625300
2023-06-01,176.3628481,178.7646363,175.5986379,178.7348633,68901800
2023-06-02,179.667794,180.4121504,177.9111086,179.5883942,61945900
2023-06-05,181.2557666,183.5583014,176.7002936,178.228714,121946500
2023-06-06,178.6157717,178.7646369,176.0948761,177.861496,64848400
2023-06-07,177.0973093,179.8464703,175.9857417,176.4819794,61944600
2023-06-08,176.5613508,179.4792306,176.1246744,179.2112732,50214900
2023-06-09,180.1342882,180.858791,179.2708394,179.5983582,48870700
2023-06-12,179.9060014,182.5062818,179.6082557,182.4070282,54274900
2023-06-13,181.4245071,182.7643398,181.0672153,181.9306641,54929100
2023-06-14,181.9902041,183.0025333,180.6503715,182.5658417,57462900
2023-06-15,182.5757739,185.1165084,182.3971205,184.6103363,65433200
2023-06-16,185.3249118,185.5829651,182.883431,183.5285339,101235600
2023-06-20,183.0223828,184.6996685,183.0223828,183.6178589,49799100
2023-06-21,183.5086893,184.0148614,181.2160736,182.5757751,49515700
2023-06-22,182.3574312,185.6425223,182.2879507,185.5928955,51245300
2023-06-23,184.153797,186.1486669,183.6178519,185.2752838,53079300
2023-06-26,185.4241747,186.6349958,183.836208,183.8759155,48088700
2023-06-27,184.4912279,186.9724161,184.2728822,186.6448975,50730800
2023-06-28,186.5158835,188.4710612,186.18838,187.8259583,51216800
2023-06-29,187.6572342,188.6397902,187.5182882,188.1633911,46347300
2023-06-30,190.1880786,193.0166246,189.8208524,192.5104675,85069600
2023-07-03,192.3218852,192.4211388,190.3170807,191.0118256,31458200
2023-07-05,190.1285194,191.5278982,189.1856556,189.8903198,46920300
2023-07-06,188.4115064,190.5751104,187.7763228,190.366684,45094300
2023-07-07,189.9696961,191.2202095,188.8085018,189.2451782,46778000
2023-07-10,187.8358836,188.5604015,185.632587,187.1907806,59922200
2023-07-11,187.7366396,187.8755855,185.1959051,186.6647644,46638100
2023-07-12,188.252722,190.2575265,187.0518353,188.3420563,60750200
2023-07-13,189.0665393,189.7513497,188.3519559,189.1062317,41342300
2023-07-14,188.7985664,189.7414149,188.2030903,189.2551117,41573900
2023-07-17,190.4560038,192.8578074,190.3666847,192.5302887,50520200
2023-07-18,191.895117,192.8677386,190.972107,192.2722473,48353800
2023-07-19,191.6470072,196.7383957,191.2003811,193.631958,80507300
2023-07-20,193.6220163,194.9916372,191.0515087,191.6767731,59581200
2023-07-21,192.639478,193.5029267,189.7910634,190.4957275,71917800
2023-07-24,191.9546436,193.4433565,190.8033687,191.2996063,45377800
2023-07-25,191.8752747,192.9769231,191.4683562,192.1630859,37283200
2023-07-26,192.2127121,194.1678899,191.8653548,193.0364685,47471900
2023-07-27,194.5450012,195.7161147,191.1011109,191.7660675,47460200
2023-07-28,193.2051703,195.1504286,192.6791596,194.3564453,48291400
2023-07-31,194.5847217,195.011494,193.7907384,194.9717865,38824100
2023-08-01,194.7633563,195.2496595,193.8105734,194.138092,35175100
2023-08-02,193.5723706,193.7113165,190.4063872,191.1308899,50389300
2023-08-03,190.1285056,190.9224737,189.2551224,189.7315063,61235200
2023-08-04,184.1240425,185.9700473,180.5511249,180.6206055,115799700
2023-08-07,180.7595292,181.7520044,176.0154985,177.5042114,97576100
2023-08-08,178.3378791,178.9135166,176.2437557,178.447052,67823000
2023-08-09,179.5089933,179.5685394,175.6780382,176.8491669,60378500
2023-08-10,178.1294611,179.389909,176.2636178,176.6308289,54686900
2023-08-11,176.2233961,177.5153443,175.4581538,176.6904755,51988100
2023-08-14,176.8693528,178.5787168,176.2134309,178.3501434,43675600
2023-08-15,177.7737183,178.3699985,175.9550342,176.3525543,43622600
2023-08-16,176.0345463,177.4358147,175.4084377,175.4780121,46964900
2023-08-17,176.0445002,176.4122071,172.4071313,172.9239197,66062900
2023-08-18,171.2344301,174.0171168,170.8965364,173.4108887,61114200
2023-08-21,173.9872907,175.0407327,172.6655142,174.7525177,46311900
2023-08-22,175.9649643,176.5811251,175.1599762,176.1339111,42084200
2023-08-23,177.4159664,180.4272265,177.2271391,179.9998779,52722800
2023-08-24,179.5526464,179.979995,174.9214625,175.2891846,54945800
2023-08-25,176.2830127,178.0420554,174.7326628,177.5054016,51449600
2023-08-28,178.9762349,179.4731427,177.4457657,179.0756226,43820700
2023-08-29,178.5886601,183.7564982,178.3899,182.9813232,53003900
2023-08-30,183.796255,186.6882619,183.5974949,186.4894867,60813900
2023-08-31,186.6783319,187.9504147,186.3205576,186.7081451,60794500
2023-09-01,188.3181128,188.7454462,187.1155893,188.2882996,45732600
2023-09-05,187.1155934,188.8050768,186.4497388,188.5268097,45280000
2023-09-06,187.2348463,187.6820755,180.3477118,181.7788086,81755800
2023-09-07,174.0965977,177.1078727,172.4667409,176.4618835,112488800
2023-09-08,177.2470107,179.1253215,176.6904612,177.0780487,65551300
2023-09-11,178.9563634,179.1849367,176.2432361,178.2507477,58953100
2023-09-12,178.3799603,179.0160017,173.7388435,175.2096863,90370200
2023-09-13,175.4183623,176.203485,172.9040104,173.1325989,84267900
2023-09-14,172.923923,175.010942,172.5065223,174.6531677,60895800
2023-09-15,175.3885528,175.4084334,172.7450151,173.9276428,109205100
2023-09-18,175.3885636,178.2706378,175.0804832,176.8693542,67257600
2023-09-19,176.4221378,178.5190892,176.0345504,177.9625549,51826900
2023-09-20,178.1513673,178.5886485,174.3152387,174.4046936,58436200
2023-09-21,173.4705309,175.2097083,172.7847956,172.8543549,63047900
2023-09-22,173.5897619,175.984861,172.9736011,173.7090149,56725400
2023-09-25,173.122665,175.8755383,173.0729712,174.9910431,46172700
2023-09-26,173.7388277,174.1164673,170.5983672,170.8965149,64588900
2023-09-27,171.5524196,171.9698203,168.0045063,169.3759613,66921800
2023-09-28,168.2927119,170.966078,166.5833481,169.6343689,56294400
2023-09-29,170.9561417,171.9996509,169.2865238,170.1511536,51814200
2023-10-02,170.1611086,173.2220624,169.8728935,172.6754608,52164500
2023-10-03,171.1946677,172.5562054,169.763586,171.3338013,49594600
2023-10-04,170.0319005,173.1326154,169.9126475,172.5860138,53020300
2023-10-05,172.7151939,174.3649313,171.612058,173.8282776,48527900
2023-10-06,172.7251371,176.8892265,172.1089612,176.3923187,57224100
2023-10-09,175.7165308,177.9426831,174.7127825,177.8830566,42390800
2023-10-10,176.9985586,178.6085349,176.8494771,177.2867584,43698000
2023-10-11,177.0979232,178.7377279,176.5016429,178.6880341,47551100
2023-10-12,178.9563659,181.2123162,177.932722,179.5924072,56743100
2023-10-13,180.2980097,180.8048502,177.0382961,177.7439117,51427100
2023-10-16,175.6569128,177.9725051,175.4183916,177.6147308,52517000
2023-10-17,175.5575203,177.3165782,173.7189705,176.0544281,57549400
2023-10-18,174.4941311,176.4817622,174.0270366,174.7525177,54764400
2023-10-19,174.9512929,176.740164,174.1065587,174.3748932,59302900
2023-10-20,174.2258013,174.3351216,171.5723156,171.8108368,64189300
2023-10-23,169.8530285,172.9338478,168.8790783,171.9300995,55980100
2023-10-24,171.9797831,172.5959439,170.3896722,172.3673706,43816600
2023-10-25,170.8170298,171.9897249,169.5946257,170.0418549,57157000
2023-10-26,169.3163691,170.3201327,164.6454386,165.8578949,70625300
2023-10-27,165.877761,167.915086,165.7982539,167.179657,58499100
2023-10-30,167.9747121,170.1114095,167.8256306,169.2368469,51131000
2023-10-31,168.3026662,169.8430682,166.8616216,169.7138824,44846000
2023-11-01,169.9424404,173.15246,169.067878,172.8940735,56934900
2023-11-02,174.4345074,176.680525,174.3748809,176.4718323,77334800
2023-11-03,173.1624415,175.7264876,172.2779462,175.5575256,79763700
2023-11-06,175.2892014,178.3203269,175.1202546,178.1215668,63841300
2023-11-07,178.0718539,181.3117021,177.8631611,180.6955414,70530000
2023-11-08,181.2222575,182.3154454,180.466948,181.7589111,49340300
2023-11-09,181.8284924,182.9813069,180.6855955,181.2818909,53763500
2023-11-10,183.0731258,185.6604566,182.6352684,185.491272,66133400
2023-11-13,184.91411,185.1230777,183.3119583,183.8990784,43627500
2023-11-14,186.7849416,187.1929465,185.3917728,186.5262146,60108400
2023-11-15,186.9342059,188.5761558,186.8645398,187.0934143,53790500
2023-11-16,188.6458394,190.0290624,187.7303111,188.7851563,54412900
2023-11-17,189.322511,189.4518821,187.6507085,188.7652435,50922700
2023-11-20,188.964255,190.9744114,188.9543092,190.5166473,46505100
2023-11-21,190.4768675,190.5863319,188.8150107,189.7106171,38134500
2023-11-22,190.556465,191.989432,189.8996789,190.3773346,39617700
2023-11-24,189.9394753,189.9693278,188.3273779,189.043869,24048300
2023-11-27,188.9941172,189.7404609,187.9790855,188.8647461,40552600
2023-11-28,188.8547987,190.1484641,188.4766464,189.4717712,38415400
2023-11-29,189.9693324,191.1535335,188.0487487,188.4467926,43014200
2023-11-30,188.914492,189.3921628,187.2725421,189.0239563,48794400
2023-12-01,189.4021262,190.6261256,188.3074827,190.3076935,45679300
2023-12-04,189.053822,189.123488,186.5361572,188.5065002,43389500
2023-12-05,189.2827084,193.4522689,189.2528407,192.4770508,66628400
2023-12-06,193.5020368,193.8105231,191.1734481,191.382431,41089700
2023-12-07,192.6860424,194.0493587,192.6462289,193.3229218,47477700
2023-12-08,193.2532417,195.0345236,192.7258267,194.7558899,53377300
2023-12-11,192.1685541,192.5467064,190.4867907,192.238205,60943700
2023-12-12,192.1387143,193.7707185,190.7853438,193.7607727,52696900
2023-12-13,194.1389002,197.0347171,193.90008,196.9949188,70404200
2023-12-14,197.0546227,198.6468133,195.2036899,197.1441803,66831600
2023-12-15,196.5670133,197.4327671,196.0395983,196.6068268,128256700
2023-12-18,195.1340195,195.6713954,193.4423104,194.9349976,55751900
2023-12-19,195.2036928,195.9898347,194.9350048,195.9798889,40714100
2023-12-20,195.9400887,196.7162849,193.880188,193.880188,52242800
2023-12-21,195.1439866,196.1192047,192.556656,193.730896,46482500
2023-12-22,194.228473,194.4573626,192.0292554,192.656189,37122800
2023-12-26,192.6661237,192.9447574,191.8899275,192.1088562,28919300
2023-12-27,191.5515879,192.5566585,190.158404,192.2083588,48087700
2023-12-28,193.1935437,193.7110129,192.2282714,192.6362762,34049900
2023-12-29,192.9547011,193.4522635,190.795282,191.5913849,42628800
2024-01-02,186.2376031,187.5213226,182.9935017,184.7349701,82488700
2024-01-03,183.3219083,184.9738193,182.5357512,183.3517609,58414500
2024-01-04,181.2619831,182.1974029,179.9981855,181.0231628,71983600
2024-01-05,181.102771,181.8690062,179.2916366,180.2967072,62303300
2024-01-08,181.2022805,184.6951785,180.6151605,184.655365,59144500
2024-01-09,183.023358,184.2473573,181.839157,184.2374115,42841800
2024-01-10,183.4512616,185.4912553,183.0233501,185.2822876,46792900
2024-01-11,185.6305921,186.1381155,182.7248292,184.6852264,49128400
2024-01-12,185.1529277,185.8296205,184.2871739,185.0136108,40444700
2024-01-16,181.2719371,183.36169,180.0479226,182.7347717,65603000
2024-01-17,180.3862989,182.0381947,179.4210265,181.7894135,47317400
2024-01-18,185.1827778,188.2179116,184.9240509,187.7104034,78005800
2024-01-19,188.4069897,191.014212,187.8994815,190.6261139,68741000
2024-01-22,191.3625031,194.3777301,191.3226896,192.9447479,60133900
2024-01-23,194.0692614,194.7956983,192.8850604,194.2284698,42355600
2024-01-24,194.4672861,195.4226125,193.3925495,193.5517731,53631300
2024-01-25,194.2682728,195.3131569,192.1685588,193.2233887,54822100
2024-01-26,193.3229053,193.8105068,191.0042627,191.4819183,44594000
2024-01-29,191.0739066,191.2629827,188.6557606,190.7952728,47145600
2024-01-30,190.009147,190.864955,186.5560625,187.1232758,55859400
2024-01-31,186.1281514,186.1878717,183.4512782,183.5010223,55467800
2024-02-01,183.0930321,186.0385932,182.9238627,185.9490356,64885400
2024-02-02,178.9831513,186.416735,178.3761246,184.9439545,102518000
2024-02-05,187.2327245,188.3273679,184.9339887,186.7650146,69668800
2024-02-06,185.9490292,188.387082,185.8594716,188.3771362,43490800
2024-02-07,189.7106021,190.1186069,187.6904999,188.4866028,53439000
2024-02-08,188.4666922,188.6159548,186.4366442,187.4019165,40962000
2024-02-09,187.9698526,189.305033,187.3222021,188.1691437,45155200
2024-02-12,187.7406757,187.9897743,186.1165476,186.4752502,41781900
2024-02-13,185.1002428,185.5386589,182.8483811,184.3728638,56529500
2024-02-14,184.6518638,184.8610982,181.7822424,183.4860687,54630500
2024-02-15,182.8882484,183.8248618,180.6961831,183.1971283,65434500
2024-02-16,182.7587087,184.1835609,181.015018,181.65271,49701400
2024-02-20,181.1345773,181.7722692,179.3510375,180.9054108,53665600
2024-02-21,181.2840544,182.2306263,180.0086704,181.6626892,41529700
2024-02-22,182.8184707,184.2931456,181.8021592,183.7052612,52292200
2024-02-23,184.3429667,184.3728573,181.5729908,181.8619537,45119700
2024-02-26,181.5829745,182.1010888,179.9986954,180.5068665,40867400
2024-02-27,180.4470902,183.2569154,178.9126338,181.9715729,54318900
2024-02-28,181.8519968,182.4597982,179.4805877,180.7659302,48953900
2024-02-29,180.6164724,181.9117886,178.8827401,180.0983429,136682600
2024-03-01,178.902664,179.8791266,176.7404895,179.0122681,73488000
2024-03-04,175.5149064,176.2622024,173.1634145,174.4687042,81510100
2024-03-05,170.1443601,171.4197442,169.0084707,169.5066681,95132400
2024-03-06,170.4432619,170.6226208,168.0718378,168.5102539,68587700
2024-03-07,168.5401544,170.1144598,167.8825455,168.3907013,71765100
2024-03-08,168.3907128,173.0737651,168.3309315,170.1144714,76114600
2024-03-11,172.3164994,173.7513102,171.4297088,172.127182,60139500
2024-03-12,172.5257248,173.402557,170.3934409,172.6054382,59825400
2024-03-13,172.1471177,172.5656017,170.1443546,170.513031,52488700
2024-03-14,172.2865946,173.681541,171.4296946,172.3762665,72913500
2024-03-15,170.5528809,171.9976501,169.6760486,171.9976501,121664700
2024-03-18,174.9370252,177.0693093,172.8944131,173.093689,75604200
2024-03-19,173.7114581,175.9732784,172.4061834,175.4451904,55215200
2024-03-20,175.0864569,178.0258179,174.4587234,178.0258179,53423100
2024-03-21,176.4116812,176.8500973,170.2240635,170.7521515,106181300
2024-03-22,171.1407298,172.4260873,169.446862,171.6588593,71106600
2024-03-25,169.95505,171.3201059,168.8390776,170.2340393,54288300
2024-03-26,169.3870923,170.8019709,168.9686084,169.0981445,57388400
2024-03-27,169.7956118,172.9741131,169.4966904,172.6851501,60273300
2024-03-28,171.1307862,171.6090514,169.8952513,170.8617554,65672700
2024-04-01,170.5728137,170.632595,168.8689721,169.4169922,46240500
2024-04-02,168.4704177,168.7294748,167.6234761,168.2312775,49329500
2024-04-03,168.1814453,170.0646306,167.972211,169.0383453,47691700
2024-04-04,169.676051,171.3001793,168.2113647,168.2113647,53704400
2024-04-05,168.9785559,169.7756746,168.340864,168.9685974,42055200
2024-04-08,168.4205926,168.5899779,167.6334475,167.8426819,37425500
2024-04-09,168.0917693,169.4667988,167.7430403,169.0582733,42451200
2024-04-10,168.1914214,168.4803692,166.507512,167.1750946,49709300
2024-04-11,167.7330789,174.8274194,167.5537351,174.4089203,91070300
2024-04-12,173.6317303,177.7169546,173.5819228,175.9134827,101593300
2024-04-15,174.72777,175.9931955,171.8780807,172.0673981,73531800
2024-04-16,171.1307834,173.1335312,167.6633342,168.7693329,73711200
2024-04-17,168.9984984,170.0347421,167.3943024,167.3943024,50901200
2024-04-18,167.4241802,168.0319816,165.9495205,166.4377441,43122900
2024-04-19,165.6107651,165.8000673,163.4884396,164.4051208,67772100
2024-04-22,164.9232423,166.6569592,164.1759463,165.2420807,48116400
2024-04-23,164.753864,166.4477319,164.3254064,166.2982635,49537800
2024-04-24,165.9395596,168.6896186,165.6107627,168.4106293,48251800
2024-04-25,168.9187936,169.9949017,167.5437641,169.2774963,50558300
2024-04-26,169.2675317,170.7222594,168.5700433,168.689621,44838400
2024-04-29,172.7449298,175.3953431,172.4759142,172.8744659,68169400
2024-04-30,172.7050805,174.3590992,169.3870846,169.7158966,65934800
2024-05-01,168.9686103,172.0873305,168.5003036,168.689621,50383100
2024-05-02,171.8880442,172.794767,170.2738897,172.4061737,94214900
2024-05-03,185.9770564,186.3258006,182.0014514,182.7188568,163224100
2024-05-06,181.6925779,183.5358989,179.7695282,181.0548859,78569700
2024-05-07,182.7886033,184.2333726,180.666293,181.7423859,77305800
2024-05-08,182.1907808,182.4099888,180.7958191,182.0811768,45057100
2024-05-09,181.9018085,183.9942434,181.453434,183.9045715,48983000
2024-05-10,184.4832417,184.6728159,181.7194961,182.6374207,50759500
2024-05-13,185.0220501,186.6783124,184.2038909,185.8601532,72044800
2024-05-14,187.0873746,187.8756026,185.8701231,187.0075531,52393600
2024-05-15,187.486486,190.2203008,186.9476946,189.2924042,70400000
2024-05-16,190.0407096,190.6692945,189.2325376,189.4121246,52845200
2024-05-17,189.0828731,190.3799462,188.7536151,189.4420624,41282900
2024-05-20,188.9032834,191.4874423,188.5839973,190.6094208,44361300
2024-05-21,190.6593035,192.2956066,190.4896885,191.9164734,42309400
2024-05-22,191.8366645,192.3854279,189.8411721,190.4697418,34648500
2024-05-23,190.5495513,190.5695104,186.2093647,186.4588013,51005900
2024-05-24,188.3944297,190.1504574,187.6161737,189.5518036,36294600
2024-05-28,191.0783613,192.5650086,188.6738046,189.5617981,52280100
2024-05-29,189.1826544,191.8167037,189.0828737,189.8611145,53068000
2024-05-30,190.330052,191.7468497,190.2003553,190.8588562,49947900
2024-05-31,191.0085242,192.1359822,189.4819738,191.8166962,75158300
2024-06-03,192.4652087,194.5505095,192.0860756,193.5926666,50080500
2024-06-04,194.2012965,194.8797717,192.5949247,193.9119568,47471400
2024-06-05,194.9595859,196.4562051,194.4307817,195.4285278,54156800
2024-06-06,195.248936,196.0571079,193.7323576,194.0416565,41181800
2024-06-07,194.2112864,196.4961336,193.7024413,196.4462433,53103900
2024-06-10,196.456202,196.8553095,191.716908,192.6847229,97262100
2024-06-11,193.2135327,206.6930927,193.1935887,206.6831055,172373300
2024-06-12,206.9026174,219.7037025,206.4336755,212.5897827,198134300
2024-06-13,214.2560142,216.2614785,211.1230919,213.7571411,97862700
2024-06-14,213.3680132,214.6850302,210.8237576,212.0110779,70122700
2024-06-17,212.8890906,218.4565159,212.2405616,216.1816559,93728300
2024-06-18,217.099572,218.1372365,212.5199211,213.8070068,79943300
2024-06-20,213.447834,213.7571481,208.3792968,209.2074127,86172500
2024-06-21,209.9158119,211.4124311,206.6432057,207.0223541,246421400
2024-06-24,207.2518164,212.2205876,206.1243585,207.6708679,80727000
2024-06-25,208.6785917,210.9035765,208.1398155,208.5987854,56713900
2024-06-26,211.0233077,214.3757353,210.1652454,212.7693634,66213200
2024-06-27,214.2061287,215.2537653,211.8714064,213.6174622,49772700
2024-06-28,215.2836805,215.5830074,209.8260081,210.1452789,82542700
2024-07-01,211.611974,217.0197562,211.442359,216.2614746,60402900
2024-07-02,215.6628199,219.883297,214.6151986,219.7735443,58046200
2024-07-03,219.5041496,221.0506592,218.5363347,221.0506592,37369800
2024-07-05,221.1504176,225.9396019,221.1504176,225.8298492,60412400
2024-07-08,226.5781682,227.336465,222.7468266,227.3065338,59085900
2024-07-09,227.4162717,228.8829597,225.8597901,228.1645813,48076100
2024-07-10,228.7831815,232.5546605,228.7332911,232.4548798,62627700
2024-07-11,230.8684808,231.8662269,225.2611523,227.0570984,64710600
2024-07-12,228.4040419,232.1156587,228.1645773,230.0203857,53046500
2024-07-15,235.9470026,236.6953122,232.5646438,233.8716888,62631300
2024-07-16,234.4703432,235.7374851,231.8063629,234.2907562,43234300
2024-07-17,228.9328431,230.9383225,226.129179,228.3641357,57345900
2024-07-18,229.7609704,229.9206135,221.7690297,223.6747131,66034600
2024-07-19,224.3132884,226.2888214,222.7767508,223.8044281,49151500
2024-07-22,226.4983442,227.266613,222.5871812,223.4552307,48201800
2024-07-23,223.8642965,226.4285114,222.1781031,224.5028534,39960300
2024-07-24,223.4951247,224.2933246,216.6406139,218.0474243,61777600
2024-07-25,218.4365586,220.3522446,214.1362751,216.9998169,51391200
2024-07-26,218.2070724,218.9953003,215.5231329,217.46875,41601300
2024-07-29,216.4710093,218.8057316,215.2637298,217.7481232,36311800
2024-07-30,218.6959746,219.8334046,215.6328867,218.3068542,41643800
2024-07-31,220.9409108,223.3155516,220.1327389,221.5794678,50036300
2024-08-01,223.8642923,223.974045,216.5308675,217.8678436,62501000
2024-08-02,218.6560498,225.0915242,217.2193082,219.3644562,105568600
2024-08-05,198.6412762,213.0188018,195.5582442,208.7983398,119548600
2024-08-06,204.8372815,209.5167132,200.6168197,206.7629242,69660500
2024-08-07,206.4336747,213.1584894,205.9248297,209.3471069,63516400
2024-08-08,212.6296775,213.7172171,208.3593253,212.8292236,47161100
2024-08-09,211.6219712,216.291416,211.4922593,215.7526398,42201600
2024-08-12,215.8325524,219.2687591,215.3630677,217.2909393,38028100
2024-08-13,218.769299,221.6461387,218.769299,221.026825,44155300
2024-08-14,220.3276036,222.7848915,219.4585493,221.4763336,41960600
2024-08-15,224.3531745,225.1023502,222.515185,224.4730377,46414000
2024-08-16,223.6739107,226.5807163,223.4042032,225.8015747,44340200
2024-08-19,225.4719428,225.7416504,222.7948801,225.6417542,40687800
2024-08-20,225.5218856,226.9203409,225.20223,226.2610626,30299000
2024-08-21,226.2710626,227.7294495,224.8026769,226.1511841,34765500
2024-08-22,227.5396608,228.0890594,223.6539364,224.2832489,43695300
2024-08-23,225.4120024,227.9691865,224.0834622,226.5906982,38677300
2024-08-26,226.5107918,227.0302246,223.6439507,226.9303284,30602200
2024-08-27,225.7516207,228.5984945,224.64284,227.7793884,35934600
2024-08-28,227.66951,229.6073803,225.4319663,226.2410889,38052200
2024-08-29,229.8471324,232.6640254,228.628472,229.5374603,51906300
2024-08-30,229.9370315,230.1467921,227.230003,228.7483368,52990800
2024-09-03,228.2988235,228.7483259,220.9269293,222.525177,50190600
2024-09-04,221.4164072,221.5362705,217.240993,220.6072998,43840200
2024-09-05,221.3864291,225.2321888,221.2765494,222.1356049,36615400
2024-09-06,223.7038814,224.9924722,219.5284824,220.5773315,48423000
2024-09-09,220.5773236,221.026826,216.47184,220.6672211,67180000
2024-09-10,218.6794084,221.2365925,216.4918127,219.868103,51591000
2024-09-11,221.2166203,222.8448186,217.6505365,222.4152985,44587100
2024-09-12,222.2554695,223.3043186,219.5784221,222.525177,37498200
2024-09-13,223.3342928,223.7937788,221.66613,222.2554779,36766600
2024-09-16,216.3020196,216.9812802,213.6849038,216.0822754,59357400
2024-09-17,215.5128922,216.6616223,214.264266,216.5517426,45519300
2024-09-18,217.3109155,222.4652483,217.3009167,220.447464,59894900
2024-09-19,224.7427437,229.5674374,224.3831387,228.6184692,66781300
2024-09-20,229.7172625,232.8338287,227.3698391,227.9492035,318679900
2024-09-23,227.0901541,229.1978359,225.5618368,226.2211151,54146000
2024-09-24,228.3987093,229.0979522,225.4819201,227.1201172,43556100
2024-09-25,224.6827959,227.0402029,223.7738076,226.1212158,42308700
2024-09-26,227.0501991,228.2488772,225.1622768,227.2699585,36636700
2024-09-27,228.2089347,229.2677673,227.0502058,227.5396576,34026000
2024-09-30,229.7871885,232.7439423,229.3976177,232.7439423,54541900
2024-10-01,229.2677705,229.3976173,223.4941237,225.9614105,63285000
2024-10-02,225.6417557,227.1201249,222.7749145,226.530777,32880600
2024-10-03,224.8925655,226.5607283,223.0745737,225.4219818,34044200
2024-10-04,227.6495327,227.7494289,223.8836869,226.5507507,37245100
2024-10-07,224.2532747,225.4419694,221.0867604,221.4463654,39505400
2024-10-08,224.0534954,225.7316418,223.0046463,225.5218811,31855700
2024-10-09,224.982474,229.4975109,224.5829197,229.287735,33591100
2024-10-10,227.5296745,229.2477855,226.9203443,228.7882843,28183500
2024-10-11,229.0480035,229.1578832,227.0901508,227.2999268,31759200
2024-10-14,228.4486582,231.475327,228.3487772,231.0458069,39882100
2024-10-15,233.3532606,237.2290013,232.1146179,233.5930023,64751400
2024-10-16,231.3454737,231.8648912,229.5873982,231.5252686,34082200
2024-10-17,233.173459,233.5930109,230.2666686,231.8948669,32993800
2024-10-18,235.9204256,235.9204256,233.7528123,234.7417297,46431500
2024-10-21,234.1923402,236.5897118,234.1923402,236.220108,36254500
2024-10-22,233.6329633,235.9604045,232.3443877,235.6007996,38846600
2024-10-23,233.8227521,234.8815848,227.5096904,230.5063934,52287000
2024-10-24,229.7272567,230.5663451,228.15899,230.3166199,31109500
2024-10-25,229.4875226,232.9636938,229.3177112,231.1556854,38802300
2024-10-28,233.063595,234.4720338,232.2944369,233.1434937,36087100
2024-10-29,232.8438271,234.0724711,232.0646856,233.4131927,35417200
2024-10-30,232.3543582,233.2134136,229.2977236,229.8471222,47070900
2024-10-31,229.087951,229.577418,225.1223128,225.6617279,64370100
2024-11-01,220.7271534,225.1023447,220.0279258,222.6650238,65276700
2024-11-04,220.7471384,222.545148,219.4685464,221.7660065,44944500
2024-11-05,221.5562415,223.7038725,220.8969632,223.204422,28111300
2024-11-06,222.3653553,225.8215595,220.9469177,222.475235,54561100
2024-11-07,224.383137,227.6295653,224.3232054,227.2299957,42137700
2024-11-08,227.1699982,228.6600037,226.4100037,226.9600067,38328800
2024-11-11,225,225.6999969,221.5,224.2299957,42005600
2024-11-12,224.5500031,225.5899963,223.3600006,224.2299957,40398300
2024-11-13,224.0099945,226.6499939,222.7599945,225.1199951,48566200
2024-11-14,225.0200043,228.8699951,225,228.2200012,44923900
2024-11-15,226.3999939,226.9199982,224.2700043,225,47923700
2024-11-18,225.25,229.7400055,225.1699982,228.0200043,44686000
2024-11-19,226.9799957,230.1600037,226.6600037,228.2799988,36211800
2024-11-20,228.0599976,229.9299927,225.8899994,229,35169600
2024-11-21,228.8800049,230.1600037,225.7100067,228.5200043,42108300
2024-11-22,228.0599976,230.7200012,228.0599976,229.8699951,38168300
2024-11-25,231.4600067,233.25,229.7400055,232.8699951,90152800
2024-11-26,233.3300018,235.5700073,233.3300018,235.0599976,45986200
2024-11-27,234.4700012,235.6900024,233.8099976,234.9299927,33498400
2024-11-29,234.8099976,237.8099976,233.9700012,237.3300018,28481400
